PERMNO,date,TICKER,CUSIP,DISTCD,DIVAMT,FACPR,FACSHR,PRC,VOL,RET,SHROUT,CFACPR,CFACSHR,sprtrn
14593,20190102,AAPL,3783310,,,,,157.92,37066356,0.001141,4729803,4,4,0.001269
14593,20190103,AAPL,3783310,,,,,142.19,91373695,-0.099607,4729803,4,4,-0.024757
14593,20190104,AAPL,3783310,,,,,148.25999,58603001,0.042689,4729803,4,4,0.034336
14593,20190107,AAPL,3783310,,,,,147.92999,54770364,-0.002226,4729803,4,4,0.00701
14593,20190108,AAPL,3783310,,,,,150.75,41026062,0.019063,4729803,4,4,0.009695
14593,20190109,AAPL,3783310,,,,,153.31,45098881,0.016982,4729803,4,4,0.004098
14593,20190110,AAPL,3783310,,,,,153.8,35778275,0.003196,4729803,4,4,0.004518
14593,20190111,AAPL,3783310,,,,,152.28999,27017204,-0.009818,4729803,4,4,-0.000146
14593,20190114,AAPL,3783310,,,,,150,32468877,-0.015037,4729803,4,4,-0.005258
14593,20190115,AAPL,3783310,,,,,153.07001,28707624,0.020467,4729803,4,4,0.010722
14593,20190116,AAPL,3783310,,,,,154.94,31038506,0.012217,4729803,4,4,0.002222
14593,20190117,AAPL,3783310,,,,,155.86,29820196,0.005938,4729803,4,4,0.007591
14593,20190118,AAPL,3783310,,,,,156.82001,33747398,0.006159,4715280,4,4,0.013183
14593,20190122,AAPL,3783310,,,,,153.3,30390836,-0.022446,4715280,4,4,-0.014157
14593,20190123,AAPL,3783310,,,,,153.92,23128770,0.004044,4715280,4,4,0.002203
14593,20190124,AAPL,3783310,,,,,152.7,25439969,-0.007926,4715280,4,4,0.001376
14593,20190125,AAPL,3783310,,,,,157.75999,33543693,0.033137,4715280,4,4,0.008489
14593,20190128,AAPL,3783310,,,,,156.3,26189758,-0.009255,4715280,4,4,-0.007847
14593,20190129,AAPL,3783310,,,,,154.67999,41582339,-0.010365,4715280,4,4,-0.001456
14593,20190130,AAPL,3783310,,,,,165.25,61110767,0.068335,4715280,4,4,0.015549
14593,20190131,AAPL,3783310,,,,,166.44,40735850,0.007201,4715280,4,4,0.008597
14593,20190201,AAPL,3783310,,,,,166.52,32678838,0.000481,4715280,4,4,0.000899
14593,20190204,AAPL,3783310,,,,,171.25,31493982,0.028405,4715280,4,4,0.006776
14593,20190205,AAPL,3783310,,,,,174.17999,36099339,0.017109,4715280,4,4,0.004708
14593,20190206,AAPL,3783310,,,,,174.24001,28234691,0.000345,4715280,4,4,-0.002224
14593,20190207,AAPL,3783310,,,,,170.94,31758590,-0.018939,4715280,4,4,-0.009357
14593,20190208,AAPL,3783310,1232,0.73,0,0,170.41,23818606,0.00117,4715280,4,4,0.000676
14593,20190211,AAPL,3783310,,,,,169.42999,20992225,-0.005751,4715280,4,4,0.000709
14593,20190212,AAPL,3783310,,,,,170.89,22289660,0.008617,4715280,4,4,0.01289
14593,20190213,AAPL,3783310,,,,,170.17999,22492533,-0.004155,4715280,4,4,0.003024
14593,20190214,AAPL,3783310,,,,,170.8,21833598,0.003643,4715280,4,4,-0.002652
14593,20190215,AAPL,3783310,,,,,170.42,24625614,-0.002225,4715280,4,4,0.010879
14593,20190219,AAPL,3783310,,,,,170.92999,19268826,0.002993,4715280,4,4,0.001499
14593,20190220,AAPL,3783310,,,,,172.03,26111462,0.006435,4715280,4,4,0.001777
14593,20190221,AAPL,3783310,,,,,171.06,17247080,-0.005639,4715280,4,4,-0.003526
14593,20190222,AAPL,3783310,,,,,172.97,18907829,0.011166,4715280,4,4,0.006411
14593,20190225,AAPL,3783310,,,,,174.23,21870758,0.007284,4715280,4,4,0.001232
14593,20190226,AAPL,3783310,,,,,174.33,17068911,0.000574,4715280,4,4,-0.00079
14593,20190227,AAPL,3783310,,,,,174.87,27832500,0.003098,4715280,4,4,-0.000544
14593,20190228,AAPL,3783310,,,,,173.14999,28214816,-0.009836,4715280,4,4,-0.002826
14593,20190301,AAPL,3783310,,,,,174.97,25884817,0.010511,4715280,4,4,0.006895
14593,20190304,AAPL,3783310,,,,,175.85001,27448424,0.005029,4715280,4,4,-0.003881
14593,20190305,AAPL,3783310,,,,,175.53,19735919,-0.00182,4715280,4,4,-0.001131
14593,20190306,AAPL,3783310,,,,,174.52,20832292,-0.005754,4715280,4,4,-0.006524
14593,20190307,AAPL,3783310,,,,,172.5,24795166,-0.011575,4715280,4,4,-0.008126
14593,20190308,AAPL,3783310,,,,,172.91,23997584,0.002377,4715280,4,4,-0.002132
14593,20190311,AAPL,3783310,,,,,178.89999,32008934,0.034642,4715280,4,4,0.014666
14593,20190312,AAPL,3783310,,,,,180.91,32466191,0.011235,4715280,4,4,0.002953
14593,20190313,AAPL,3783310,,,,,181.71001,31032024,0.004422,4715280,4,4,0.00695
14593,20190314,AAPL,3783310,,,,,183.73,23579408,0.011117,4715280,4,4,-0.000868
14593,20190315,AAPL,3783310,,,,,186.12,39041265,0.013008,4715280,4,4,0.004985
14593,20190318,AAPL,3783310,,,,,188.02,26218632,0.010209,4715280,4,4,0.003706
14593,20190319,AAPL,3783310,,,,,186.53,31645700,-0.007925,4715280,4,4,-0.000131
14593,20190320,AAPL,3783310,,,,,188.16,31034436,0.008739,4715280,4,4,-0.002944
14593,20190321,AAPL,3783310,,,,,195.09,51035993,0.03683,4715280,4,4,0.010853
14593,20190322,AAPL,3783310,,,,,191.05,42405890,-0.020708,4715280,4,4,-0.018975
14593,20190325,AAPL,3783310,,,,,188.74001,43844370,-0.012091,4715280,4,4,-0.000839
14593,20190326,AAPL,3783310,,,,,186.78999,49798847,-0.010332,4715280,4,4,0.007183
14593,20190327,AAPL,3783310,,,,,188.47,29847108,0.008994,4715280,4,4,-0.004644
14593,20190328,AAPL,3783310,,,,,188.72,20779811,0.001326,4715280,4,4,0.00359
14593,20190329,AAPL,3783310,,,,,189.95,23561761,0.006518,4715280,4,4,0.006734
14593,20190401,AAPL,3783310,,,,,191.24001,27858987,0.006791,4715280,4,4,0.011569
14593,20190402,AAPL,3783310,,,,,194.02,22791540,0.014537,4715280,4,4,0.000017
14593,20190403,AAPL,3783310,,,,,195.35001,23271030,0.006855,4715280,4,4,0.002148
14593,20190404,AAPL,3783310,,,,,195.69,19303875,0.00174,4715280,4,4,0.002085
14593,20190405,AAPL,3783310,,,,,197,18524554,0.006694,4715280,4,4,0.004636
14593,20190408,AAPL,3783310,,,,,200.10001,25890849,0.015736,4715280,4,4,0.001047
14593,20190409,AAPL,3783310,,,,,199.5,35767039,-0.002999,4715280,4,4,-0.006067
14593,20190410,AAPL,3783310,,,,,200.62,21694194,0.005614,4715280,4,4,0.003478
14593,20190411,AAPL,3783310,,,,,198.95,20901963,-0.008324,4715280,4,4,0.000038
14593,20190412,AAPL,3783310,,,,,198.87,27762780,-0.000402,4715280,4,4,0.006609
14593,20190415,AAPL,3783310,,,,,199.23,17542846,0.00181,4715280,4,4,-0.000629
14593,20190416,AAPL,3783310,,,,,199.25,25692516,0.0001,4715280,4,4,0.000509
14593,20190417,AAPL,3783310,,,,,203.13,29483980,0.019473,4715280,4,4,-0.002274
14593,20190418,AAPL,3783310,,,,,203.86,24195522,0.003594,4715280,4,4,0.001579
14593,20190422,AAPL,3783310,,,,,204.53,19437945,0.003287,4601075,4,4,0.001012
14593,20190423,AAPL,3783310,,,,,207.48,23320966,0.014423,4601075,4,4,0.008841
14593,20190424,AAPL,3783310,,,,,207.16,17540709,-0.001542,4601075,4,4,-0.002192
14593,20190425,AAPL,3783310,,,,,205.28,18548766,-0.009075,4601075,4,4,-0.000369
14593,20190426,AAPL,3783310,,,,,204.3,18648802,-0.004774,4601075,4,4,0.004685
14593,20190429,AAPL,3783310,,,,,204.61,22202685,0.001517,4601075,4,4,0.001071
14593,20190430,AAPL,3783310,,,,,200.67,46544289,-0.019256,4601075,4,4,0.000951
14593,20190501,AAPL,3783310,,,,,210.52,64824888,0.049086,4601075,4,4,-0.007502
14593,20190502,AAPL,3783310,,,,,209.14999,31991644,-0.006508,4601075,4,4,-0.002124
14593,20190503,AAPL,3783310,,,,,211.75,20889860,0.012431,4601075,4,4,0.009638
14593,20190506,AAPL,3783310,,,,,208.48,32462506,-0.015443,4601075,4,4,-0.004471
14593,20190507,AAPL,3783310,,,,,202.86,38762998,-0.026957,4601075,4,4,-0.016512
14593,20190508,AAPL,3783310,,,,,202.89999,26338504,0.000197,4601075,4,4,-0.001605
14593,20190509,AAPL,3783310,,,,,200.72,34907732,-0.010744,4601075,4,4,-0.003021
14593,20190510,AAPL,3783310,1232,0.77,0,0,197.17999,41209333,-0.0138,4601075,4,4,0.00372
14593,20190513,AAPL,3783310,,,,,185.72,57428248,-0.058119,4601075,4,4,-0.024131
14593,20190514,AAPL,3783310,,,,,188.66,36528577,0.01583,4601075,4,4,0.008016
14593,20190515,AAPL,3783310,,,,,190.92,26543819,0.011979,4601075,4,4,0.005839
14593,20190516,AAPL,3783310,,,,,190.08,33055064,-0.0044,4601075,4,4,0.008895
14593,20190517,AAPL,3783310,,,,,189,32877900,-0.005682,4601075,4,4,-0.005837
14593,20190520,AAPL,3783310,,,,,183.09,38612734,-0.03127,4601075,4,4,-0.006749
14593,20190521,AAPL,3783310,,,,,186.60001,28362748,0.019171,4601075,4,4,0.008496
14593,20190522,AAPL,3783310,,,,,182.78,29742557,-0.020472,4601075,4,4,-0.002824
14593,20190523,AAPL,3783310,,,,,179.66,36524451,-0.01707,4601075,4,4,-0.011914
14593,20190524,AAPL,3783310,,,,,178.97,23711486,-0.003841,4601075,4,4,0.001354
14593,20190528,AAPL,3783310,,,,,178.23,27943231,-0.004135,4601075,4,4,-0.008376
14593,20190529,AAPL,3783310,,,,,177.38,28478896,-0.004769,4601075,4,4,-0.006912
14593,20190530,AAPL,3783310,,,,,178.3,21210823,0.005187,4601075,4,4,0.002098
14593,20190531,AAPL,3783310,,,,,175.07001,27041199,-0.018116,4601075,4,4,-0.013195
14593,20190603,AAPL,3783310,,,,,173.3,40386569,-0.01011,4601075,4,4,-0.002765
14593,20190604,AAPL,3783310,,,,,179.64,30956074,0.036584,4601075,4,4,0.021432
14593,20190605,AAPL,3783310,,,,,182.53999,29761727,0.016143,4601075,4,4,0.008162
14593,20190606,AAPL,3783310,,,,,185.22,22523211,0.014682,4601075,4,4,0.006136
14593,20190607,AAPL,3783310,,,,,190.14999,30672393,0.026617,4601075,4,4,0.010498
14593,20190610,AAPL,3783310,,,,,192.58,26213291,0.012779,4601075,4,4,0.00466
14593,20190611,AAPL,3783310,,,,,194.81,26923682,0.01158,4601075,4,4,-0.00035
14593,20190612,AAPL,3783310,,,,,194.19,18228389,-0.003183,4601075,4,4,-0.002038
14593,20190613,AAPL,3783310,,,,,194.14999,21888245,-0.000206,4601075,4,4,0.004097
14593,20190614,AAPL,3783310,,,,,192.74001,18741774,-0.007262,4601075,4,4,-0.001612
14593,20190617,AAPL,3783310,,,,,193.89,14663494,0.005967,4601075,4,4,0.000932
14593,20190618,AAPL,3783310,,,,,198.45,26552004,0.023518,4601075,4,4,0.009717
14593,20190619,AAPL,3783310,,,,,197.87,21122515,-0.002923,4601075,4,4,0.002985
14593,20190620,AAPL,3783310,,,,,199.46001,21902988,0.008036,4601075,4,4,0.009472
14593,20190621,AAPL,3783310,,,,,198.78,47795010,-0.003409,4601075,4,4,-0.001259
14593,20190624,AAPL,3783310,,,,,198.58,18712221,-0.001006,4601075,4,4,-0.001732
14593,20190625,AAPL,3783310,,,,,195.57001,21063643,-0.015158,4601075,4,4,-0.009496
14593,20190626,AAPL,3783310,,,,,199.8,26062169,0.021629,4601075,4,4,-0.001234
14593,20190627,AAPL,3783310,,,,,199.74001,20887907,-0.0003,4601075,4,4,0.003823
14593,20190628,AAPL,3783310,,,,,197.92,31090917,-0.009112,4531395,4,4,0.005757
14593,20190701,AAPL,3783310,,,,,201.55,27301274,0.018341,4531395,4,4,0.007672
14593,20190702,AAPL,3783310,,,,,202.73,16934518,0.005855,4531395,4,4,0.002928
14593,20190703,AAPL,3783310,,,,,204.41,11359745,0.008287,4531395,4,4,0.007672
14593,20190705,AAPL,3783310,,,,,204.23,17256918,-0.000881,4531395,4,4,-0.001806
14593,20190708,AAPL,3783310,,,,,200.02,25333443,-0.020614,4531395,4,4,-0.004835
14593,20190709,AAPL,3783310,,,,,201.24001,20569915,0.006099,4531395,4,4,0.001237
14593,20190710,AAPL,3783310,,,,,203.23,17892756,0.009889,4531395,4,4,0.004511
14593,20190711,AAPL,3783310,,,,,201.75,20177392,-0.007282,4531395,4,4,0.002285
14593,20190712,AAPL,3783310,,,,,203.3,17586813,0.007683,4531395,4,4,0.00462
14593,20190715,AAPL,3783310,,,,,205.21001,16928121,0.009395,4531395,4,4,0.000176
14593,20190716,AAPL,3783310,,,,,204.5,16857399,-0.00346,4531395,4,4,-0.003404
14593,20190717,AAPL,3783310,,,,,203.35001,14096678,-0.005623,4531395,4,4,-0.006531
14593,20190718,AAPL,3783310,,,,,205.66,18574811,0.01136,4531395,4,4,0.003582
14593,20190719,AAPL,3783310,,,,,202.59,20917720,-0.014928,4519180,4,4,-0.006177
14593,20190722,AAPL,3783310,,,,,207.22,22216354,0.022854,4519180,4,4,0.002829
14593,20190723,AAPL,3783310,,,,,208.84,18334380,0.007818,4519180,4,4,0.006848
14593,20190724,AAPL,3783310,,,,,208.67,14986867,-0.000814,4519180,4,4,0.004688
14593,20190725,AAPL,3783310,,,,,207.02,13902767,-0.007907,4519180,4,4,-0.005262
14593,20190726,AAPL,3783310,,,,,207.74001,17627074,0.003478,4519180,4,4,0.007388
14593,20190729,AAPL,3783310,,,,,209.67999,21654489,0.009339,4519180,4,4,-0.001616
14593,20190730,AAPL,3783310,,,,,208.78,33896655,-0.004292,4519180,4,4,-0.002579
14593,20190731,AAPL,3783310,,,,,213.03999,69244350,0.020404,4519180,4,4,-0.010886
14593,20190801,AAPL,3783310,,,,,208.42999,54311222,-0.021639,4519180,4,4,-0.008999
14593,20190802,AAPL,3783310,,,,,204.02,40847150,-0.021158,4519180,4,4,-0.007283
14593,20190805,AAPL,3783310,,,,,193.34,52387541,-0.052348,4519180,4,4,-0.029778
14593,20190806,AAPL,3783310,,,,,197,35819392,0.01893,4519180,4,4,0.013017
14593,20190807,AAPL,3783310,,,,,199.03999,33363472,0.010355,4519180,4,4,0.000767
14593,20190808,AAPL,3783310,,,,,203.42999,27004723,0.022056,4519180,4,4,0.018762
14593,20190809,AAPL,3783310,1232,0.77,0,0,200.99001,24613446,-0.008209,4519180,4,4,-0.006617
14593,20190812,AAPL,3783310,,,,,200.48,22468589,-0.002537,4519180,4,4,-0.012184
14593,20190813,AAPL,3783310,,,,,208.97,47535186,0.042348,4519180,4,4,0.014994
14593,20190814,AAPL,3783310,,,,,202.75,36538683,-0.029765,4519180,4,4,-0.029293
14593,20190815,AAPL,3783310,,,,,201.74001,27879916,-0.004981,4519180,4,4,0.002464
14593,20190816,AAPL,3783310,,,,,206.5,28807925,0.023595,4519180,4,4,0.014426
14593,20190819,AAPL,3783310,,,,,210.35001,24422407,0.018644,4519180,4,4,0.012106
14593,20190820,AAPL,3783310,,,,,210.36,26913129,0.000048,4519180,4,4,-0.007915
14593,20190821,AAPL,3783310,,,,,212.64,21563248,0.010839,4519180,4,4,0.008247
14593,20190822,AAPL,3783310,,,,,212.46001,22257315,-0.000846,4519180,4,4,-0.000506
14593,20190823,AAPL,3783310,,,,,202.64,46863844,-0.04622,4519180,4,4,-0.025946
14593,20190826,AAPL,3783310,,,,,206.49001,26063130,0.018999,4519180,4,4,0.010983
14593,20190827,AAPL,3783310,,,,,204.16,25896044,-0.011284,4519180,4,4,-0.003203
14593,20190828,AAPL,3783310,,,,,205.53,15949732,0.00671,4519180,4,4,0.006545
14593,20190829,AAPL,3783310,,,,,209.00999,21004630,0.016932,4519180,4,4,0.012687
14593,20190830,AAPL,3783310,,,,,208.74001,21161461,-0.001292,4519180,4,4,0.000643
14593,20190903,AAPL,3783310,,,,,205.7,20053174,-0.014564,4519180,4,4,-0.006899
14593,20190904,AAPL,3783310,,,,,209.19,19211820,0.016966,4519180,4,4,0.010842
14593,20190905,AAPL,3783310,,,,,213.28,23939878,0.019552,4519180,4,4,0.01301
14593,20190906,AAPL,3783310,,,,,213.25999,19356432,-0.000094,4519180,4,4,0.000911
14593,20190909,AAPL,3783310,,,,,214.17,27297513,0.004267,4519180,4,4,-0.000094
14593,20190910,AAPL,3783310,,,,,216.7,31768578,0.011813,4519180,4,4,0.000322
14593,20190911,AAPL,3783310,,,,,223.59,44257876,0.031795,4519180,4,4,0.00723
14593,20190912,AAPL,3783310,,,,,223.08501,32218891,-0.002259,4519180,4,4,0.002879
14593,20190913,AAPL,3783310,,,,,218.75,39760996,-0.019432,4519180,4,4,-0.000724
14593,20190916,AAPL,3783310,,,,,219.89999,21154486,0.005257,4519180,4,4,-0.003136
14593,20190917,AAPL,3783310,,,,,220.7,18382388,0.003638,4519180,4,4,0.002582
14593,20190918,AAPL,3783310,,,,,222.77,25635196,0.009379,4519180,4,4,0.000343
14593,20190919,AAPL,3783310,,,,,220.96001,22180876,-0.008125,4519180,4,4,0.00002
14593,20190920,AAPL,3783310,,,,,217.73,57988486,-0.014618,4519180,4,4,-0.004896
14593,20190923,AAPL,3783310,,,,,218.72,19410863,0.004547,4519180,4,4,-0.000097
14593,20190924,AAPL,3783310,,,,,217.67999,31431174,-0.004755,4519180,4,4,-0.008416
14593,20190925,AAPL,3783310,,,,,221.03,22474707,0.01539,4519180,4,4,0.006159
14593,20190926,AAPL,3783310,,,,,219.89,19084919,-0.005158,4519180,4,4,-0.002429
14593,20190927,AAPL,3783310,,,,,218.82001,25355885,-0.004866,4443236,4,4,-0.005316
14593,20190930,AAPL,3783310,,,,,223.97,26316121,0.023535,4443236,4,4,0.005048
14593,20191001,AAPL,3783310,,,,,224.59,36184163,0.002768,4443236,4,4,-0.012258
14593,20191002,AAPL,3783310,,,,,218.96001,35762557,-0.025068,4443236,4,4,-0.017903
14593,20191003,AAPL,3783310,,,,,220.82001,30339486,0.008495,4443236,4,4,0.007972
14593,20191004,AAPL,3783310,,,,,227.00999,34738253,0.028032,4443236,4,4,0.014217
14593,20191007,AAPL,3783310,,,,,227.06,30880517,0.00022,4443236,4,4,-0.004478
14593,20191008,AAPL,3783310,,,,,224.39999,29293920,-0.011715,4443236,4,4,-0.015561
14593,20191009,AAPL,3783310,,,,,227.03,19024974,0.01172,4443236,4,4,0.009105
14593,20191010,AAPL,3783310,,,,,230.09,28957404,0.013478,4443236,4,4,0.006416
14593,20191011,AAPL,3783310,,,,,236.21001,41980095,0.026598,4443236,4,4,0.010939
14593,20191014,AAPL,3783310,,,,,235.87,24418600,-0.001439,4443236,4,4,-0.001387
14593,20191015,AAPL,3783310,,,,,235.32001,23030284,-0.002332,4443236,4,4,0.009956
14593,20191016,AAPL,3783310,,,,,234.37,19272384,-0.004037,4443236,4,4,-0.002
14593,20191017,AAPL,3783310,,,,,235.28,17259800,0.003883,4443236,4,4,0.002763
14593,20191018,AAPL,3783310,,,,,236.41,24371893,0.004803,4443265,4,4,-0.003919
14593,20191021,AAPL,3783310,,,,,240.50999,22363146,0.017343,4443265,4,4,0.006872
14593,20191022,AAPL,3783310,,,,,239.96001,22677125,-0.002287,4443265,4,4,-0.003569
14593,20191023,AAPL,3783310,,,,,243.17999,19927683,0.013419,4443265,4,4,0.002847
14593,20191024,AAPL,3783310,,,,,243.58,17980028,0.001645,4443265,4,4,0.00192
14593,20191025,AAPL,3783310,,,,,246.58,18359296,0.012316,4443265,4,4,0.004073
14593,20191028,AAPL,3783310,,,,,249.05,24408400,0.010017,4443265,4,4,0.005581
14593,20191029,AAPL,3783310,,,,,243.28999,35691101,-0.023128,4443265,4,4,-0.000832
14593,20191030,AAPL,3783310,,,,,243.25999,31078874,-0.000123,4443265,4,4,0.003253
14593,20191031,AAPL,3783310,,,,,248.75999,34783102,0.02261,4443265,4,4,-0.003023
14593,20191101,AAPL,3783310,,,,,255.82001,37774144,0.028381,4443265,4,4,0.009662
14593,20191104,AAPL,3783310,,,,,257.5,25816252,0.006567,4443265,4,4,0.003704
14593,20191105,AAPL,3783310,,,,,257.13,19971327,-0.001437,4443265,4,4,-0.001186
14593,20191106,AAPL,3783310,,,,,257.23999,18963537,0.000428,4443265,4,4,0.000703
14593,20191107,AAPL,3783310,1232,0.77,0,0,259.42999,23728280,0.011507,4443265,4,4,0.00273
14593,20191108,AAPL,3783310,,,,,260.14001,17511913,0.002737,4443265,4,4,0.002561
14593,20191111,AAPL,3783310,,,,,262.20001,21149174,0.007919,4443265,4,4,-0.001962
14593,20191112,AAPL,3783310,,,,,261.95999,21827393,-0.000915,4443265,4,4,0.001565
14593,20191113,AAPL,3783310,,,,,264.47,25881532,0.009582,4443265,4,4,0.000712
14593,20191114,AAPL,3783310,,,,,262.64001,22377905,-0.006919,4443265,4,4,0.000837
14593,20191115,AAPL,3783310,,,,,265.76001,25083852,0.011879,4443265,4,4,0.007695
14593,20191118,AAPL,3783310,,,,,267.10001,21690097,0.005042,4443265,4,4,0.000503
14593,20191119,AAPL,3783310,,,,,266.29001,19061281,-0.003033,4443265,4,4,-0.000593
14593,20191120,AAPL,3783310,,,,,263.19,26606019,-0.011641,4443265,4,4,-0.003756
14593,20191121,AAPL,3783310,,,,,262.01001,30393258,-0.004483,4443265,4,4,-0.001583
14593,20191122,AAPL,3783310,,,,,261.78,16325558,-0.000878,4443265,4,4,0.002175
14593,20191125,AAPL,3783310,,,,,266.37,21026717,0.017534,4443265,4,4,0.007507
14593,20191126,AAPL,3783310,,,,,264.29001,26328512,-0.007809,4443265,4,4,0.002196
14593,20191127,AAPL,3783310,,,,,267.84,16383606,0.013432,4443265,4,4,0.004174
14593,20191129,AAPL,3783310,,,,,267.25,11654164,-0.002203,4443265,4,4,-0.004011
14593,20191202,AAPL,3783310,,,,,264.16,23661572,-0.011562,4443265,4,4,-0.008631
14593,20191203,AAPL,3783310,,,,,259.45001,29322658,-0.01783,4443265,4,4,-0.006638
14593,20191204,AAPL,3783310,,,,,261.73999,16798262,0.008826,4443265,4,4,0.006324
14593,20191205,AAPL,3783310,,,,,265.57999,18863738,0.014671,4443265,4,4,0.0015
14593,20191206,AAPL,3783310,,,,,270.70999,26518485,0.019316,4443265,4,4,0.009136
14593,20191209,AAPL,3783310,,,,,266.92001,32156321,-0.014,4443265,4,4,-0.003163
14593,20191210,AAPL,3783310,,,,,268.48001,22590093,0.005844,4443265,4,4,-0.001097
14593,20191211,AAPL,3783310,,,,,270.76999,19703741,0.008529,4443265,4,4,0.002908
14593,20191212,AAPL,3783310,,,,,271.45999,34375256,0.002548,4443265,4,4,0.008575
14593,20191213,AAPL,3783310,,,,,275.14999,33380811,0.013593,4443265,4,4,0.000073
14593,20191216,AAPL,3783310,,,,,279.85999,32053548,0.017118,4443265,4,4,0.007148
14593,20191217,AAPL,3783310,,,,,280.41,28559039,0.001965,4443265,4,4,0.000335
14593,20191218,AAPL,3783310,,,,,279.73999,29006028,-0.002389,4443265,4,4,-0.000432
14593,20191219,AAPL,3783310,,,,,280.01999,24604314,0.001001,4443265,4,4,0.004459
14593,20191220,AAPL,3783310,,,,,279.44,68999972,-0.002071,4443265,4,4,0.004945
14593,20191223,AAPL,3783310,,,,,284,24645515,0.016318,4443265,4,4,0.000866
14593,20191224,AAPL,3783310,,,,,284.26999,12105327,0.000951,4443265,4,4,-0.000195
14593,20191226,AAPL,3783310,,,,,289.91,23320594,0.01984,4443265,4,4,0.005128
14593,20191227,AAPL,3783310,,,,,289.79999,36547580,-0.000379,4384959,4,4,0.000034
14593,20191230,AAPL,3783310,,,,,291.51999,36075285,0.005935,4384959,4,4,-0.005781
14593,20191231,AAPL,3783310,,,,,293.64999,25211173,0.007307,4384959,4,4,0.002946
14593,20200102,AAPL,3783310,,,,,300.35001,33884314,0.022816,4384027,4,4,0.008379
14593,20200103,AAPL,3783310,,,,,297.42999,36604600,-0.009722,4384027,4,4,-0.00706
14593,20200106,AAPL,3783310,,,,,299.79999,29597401,0.007968,4384027,4,4,0.003533
14593,20200107,AAPL,3783310,,,,,298.39001,27864170,-0.004703,4384027,4,4,-0.002803
14593,20200108,AAPL,3783310,,,,,303.19,33060420,0.016086,4384027,4,4,0.004902
14593,20200109,AAPL,3783310,,,,,309.63,42591634,0.021241,4384027,4,4,0.006655
14593,20200110,AAPL,3783310,,,,,310.32999,35186623,0.002261,4384027,4,4,-0.002855
14593,20200113,AAPL,3783310,,,,,316.95999,30502330,0.021364,4384027,4,4,0.006976
14593,20200114,AAPL,3783310,,,,,312.67999,40621057,-0.013503,4384027,4,4,-0.001515
14593,20200115,AAPL,3783310,,,,,311.34,30452727,-0.004286,4384027,4,4,0.00187
14593,20200116,AAPL,3783310,,,,,315.23999,27627154,0.012526,4384027,4,4,0.008367
14593,20200117,AAPL,3783310,,,,,318.73001,34420045,0.011071,4375480,4,4,0.003862
14593,20200121,AAPL,3783310,,,,,316.57001,27674778,-0.006777,4375480,4,4,-0.002652
14593,20200122,AAPL,3783310,,,,,317.70001,25432169,0.00357,4375480,4,4,0.000289
14593,20200123,AAPL,3783310,,,,,319.23001,26094188,0.004816,4375480,4,4,0.001141
14593,20200124,AAPL,3783310,,,,,318.31,36599802,-0.002882,4375480,4,4,-0.009042
14593,20200127,AAPL,3783310,,,,,308.95001,40414808,-0.029405,4375480,4,4,-0.015731
14593,20200128,AAPL,3783310,,,,,317.69,40519265,0.028289,4375480,4,4,0.010054
14593,20200129,AAPL,3783310,,,,,324.34,54084956,0.020932,4375480,4,4,-0.000867
14593,20200130,AAPL,3783310,,,,,323.87,31655940,-0.001449,4375480,4,4,0.003134
14593,20200131,AAPL,3783310,,,,,309.51001,49774162,-0.044339,4375480,4,4,-0.017706
14593,20200203,AAPL,3783310,,,,,308.66,43429346,-0.002746,4375480,4,4,0.007255
14593,20200204,AAPL,3783310,,,,,318.85001,34121782,0.033014,4375480,4,4,0.01498
14593,20200205,AAPL,3783310,,,,,321.45001,29676769,0.008154,4375480,4,4,0.011251
14593,20200206,AAPL,3783310,,,,,325.20999,26335234,0.011697,4375480,4,4,0.003326
14593,20200207,AAPL,3783310,1232,0.77,0,0,320.03,29385908,-0.01356,4375480,4,4,-0.005401
14593,20200210,AAPL,3783310,,,,,321.54999,27300253,0.00475,4375480,4,4,0.007326
14593,20200211,AAPL,3783310,,,,,319.60999,23553383,-0.006033,4375480,4,4,0.001688
14593,20200212,AAPL,3783310,,,,,327.20001,28389294,0.023748,4375480,4,4,0.006463
14593,20200213,AAPL,3783310,,,,,324.87,23664270,-0.007121,4375480,4,4,-0.00163
14593,20200214,AAPL,3783310,,,,,324.95001,20012702,0.000246,4375480,4,4,0.001844
14593,20200218,AAPL,3783310,,,,,319,38134455,-0.018311,4375480,4,4,-0.00292
14593,20200219,AAPL,3783310,,,,,323.62,23475508,0.014483,4375480,4,4,0.004706
14593,20200220,AAPL,3783310,,,,,320.29999,25104231,-0.010259,4375480,4,4,-0.003816
14593,20200221,AAPL,3783310,,,,,313.04999,32382677,-0.022635,4375480,4,4,-0.010518
14593,20200224,AAPL,3783310,,,,,298.17999,55358969,-0.0475,4375480,4,4,-0.033514
14593,20200225,AAPL,3783310,,,,,288.07999,57562282,-0.033872,4375480,4,4,-0.03028
14593,20200226,AAPL,3783310,,,,,292.64999,49617890,0.015864,4375480,4,4,-0.003779
14593,20200227,AAPL,3783310,,,,,273.51999,80001860,-0.065368,4375480,4,4,-0.044163
14593,20200228,AAPL,3783310,,,,,273.35999,106327264,-0.000585,4375480,4,4,-0.008238
14593,20200302,AAPL,3783310,,,,,298.81,85232545,0.093101,4375480,4,4,0.046039
14593,20200303,AAPL,3783310,,,,,289.32001,79720151,-0.031759,4375480,4,4,-0.028108
14593,20200304,AAPL,3783310,,,,,302.73999,54708936,0.046385,4375480,4,4,0.042203
14593,20200305,AAPL,3783310,,,,,292.92001,46806481,-0.032437,4375480,4,4,-0.033922
14593,20200306,AAPL,3783310,,,,,289.03,56478313,-0.01328,4375480,4,4,-0.017054
14593,20200309,AAPL,3783310,,,,,266.17001,71558828,-0.079092,4375480,4,4,-0.07597
14593,20200310,AAPL,3783310,,,,,285.34,71270996,0.072022,4375480,4,4,0.049396
14593,20200311,AAPL,3783310,,,,,275.42999,64033461,-0.034731,4375480,4,4,-0.048868
14593,20200312,AAPL,3783310,,,,,248.23,104451482,-0.098755,4375480,4,4,-0.095113
14593,20200313,AAPL,3783310,,,,,277.97,92561680,0.119808,4375480,4,4,0.092871
14593,20200316,AAPL,3783310,,,,,242.21001,80551692,-0.128647,4375480,4,4,-0.119841
14593,20200317,AAPL,3783310,,,,,252.86,80907982,0.04397,4375480,4,4,0.059955
14593,20200318,AAPL,3783310,,,,,246.67,74920302,-0.02448,4375480,4,4,-0.051831
14593,20200319,AAPL,3783310,,,,,244.78,67827866,-0.007662,4375480,4,4,0.004708
14593,20200320,AAPL,3783310,,,,,229.24001,100272318,-0.063486,4375480,4,4,-0.04336
14593,20200323,AAPL,3783310,,,,,224.37,83978689,-0.021244,4375480,4,4,-0.029294
14593,20200324,AAPL,3783310,,,,,246.88,71791972,0.100325,4375480,4,4,0.093828
14593,20200325,AAPL,3783310,,,,,245.52,75687406,-0.005509,4375480,4,4,0.011535
14593,20200326,AAPL,3783310,,,,,258.44,63019408,0.052623,4375480,4,4,0.062414
14593,20200327,AAPL,3783310,,,,,247.74001,50970706,-0.041402,4323987,4,4,-0.033687
14593,20200330,AAPL,3783310,,,,,254.81,41921042,0.028538,4323987,4,4,0.033516
14593,20200331,AAPL,3783310,,,,,254.28999,49168898,-0.002041,4323987,4,4,-0.016013
14593,20200401,AAPL,3783310,,,,,240.91,43978002,-0.052617,4323987,4,4,-0.044142
14593,20200402,AAPL,3783310,,,,,244.92999,41424453,0.016687,4323987,4,4,0.022829
14593,20200403,AAPL,3783310,,,,,241.41,32428323,-0.014371,4323987,4,4,-0.015137
14593,20200406,AAPL,3783310,,,,,262.47,50353687,0.087237,4323987,4,4,0.070331
14593,20200407,AAPL,3783310,,,,,259.42999,50624293,-0.011582,4323987,4,4,-0.001603
14593,20200408,AAPL,3783310,,,,,266.07001,42151786,0.025595,4323987,4,4,0.034056
14593,20200409,AAPL,3783310,,,,,267.98999,40446131,0.007216,4323987,4,4,0.014487
14593,20200413,AAPL,3783310,,,,,273.25,32689382,0.019628,4323987,4,4,-0.010105
14593,20200414,AAPL,3783310,,,,,287.04999,48660844,0.050503,4323987,4,4,0.030573
14593,20200415,AAPL,3783310,,,,,284.42999,32742364,-0.009127,4323987,4,4,-0.02203
14593,20200416,AAPL,3783310,,,,,286.69,39214816,0.007946,4323987,4,4,0.005817
14593,20200417,AAPL,3783310,,,,,282.79999,53719852,-0.013569,4334335,4,4,0.026794
14593,20200420,AAPL,3783310,,,,,276.92999,32441064,-0.020757,4334335,4,4,-0.017881
14593,20200421,AAPL,3783310,,,,,268.37,45156556,-0.03091,4334335,4,4,-0.030675
14593,20200422,AAPL,3783310,,,,,276.10001,29252005,0.028804,4334335,4,4,0.02293
14593,20200423,AAPL,3783310,,,,,275.03,31149011,-0.003875,4334335,4,4,-0.000539
14593,20200424,AAPL,3783310,,,,,282.97,31580110,0.02887,4334335,4,4,0.013918
14593,20200427,AAPL,3783310,,,,,283.17001,29220803,0.000707,4334335,4,4,0.014714
14593,20200428,AAPL,3783310,,,,,278.57999,27958780,-0.016209,4334335,4,4,-0.005242
14593,20200429,AAPL,3783310,,,,,287.73001,34259132,0.032845,4334335,4,4,0.026584
14593,20200430,AAPL,3783310,,,,,293.79999,45665290,0.021096,4334335,4,4,-0.009212
14593,20200501,AAPL,3783310,,,,,289.07001,59981883,-0.016099,4334335,4,4,-0.028059
14593,20200504,AAPL,3783310,,,,,293.16,33386791,0.014149,4334335,4,4,0.00425
14593,20200505,AAPL,3783310,,,,,297.56,36900018,0.015009,4334335,4,4,0.009041
14593,20200506,AAPL,3783310,,,,,300.63,35531278,0.010317,4334335,4,4,-0.006979
14593,20200507,AAPL,3783310,,,,,303.73999,28763784,0.010345,4334335,4,4,0.011505
14593,20200508,AAPL,3783310,1232,0.82,0,0,310.13,33480668,0.023737,4334335,4,4,0.016872
14593,20200511,AAPL,3783310,,,,,315.01001,36442985,0.015735,4334335,4,4,0.000177
14593,20200512,AAPL,3783310,,,,,311.41,40521030,-0.011428,4334335,4,4,-0.020544
14593,20200513,AAPL,3783310,,,,,307.64999,50052283,-0.012074,4334335,4,4,-0.017463
14593,20200514,AAPL,3783310,,,,,309.54001,39675660,0.006143,4334335,4,4,0.011525
14593,20200515,AAPL,3783310,,,,,307.70999,42088376,-0.005912,4334335,4,4,0.003926
14593,20200518,AAPL,3783310,,,,,314.95999,33792008,0.023561,4334335,4,4,0.031501
14593,20200519,AAPL,3783310,,,,,313.14001,25387763,-0.005778,4334335,4,4,-0.010484
14593,20200520,AAPL,3783310,,,,,319.23001,27849957,0.019448,4334335,4,4,0.016651
14593,20200521,AAPL,3783310,,,,,316.85001,25624947,-0.007455,4334335,4,4,-0.007774
14593,20200522,AAPL,3783310,,,,,318.89001,20427425,0.006438,4334335,4,4,0.002354
14593,20200526,AAPL,3783310,,,,,316.73001,31335749,-0.006774,4334335,4,4,0.012289
14593,20200527,AAPL,3783310,,,,,318.10999,28195636,0.004357,4334335,4,4,0.014827
14593,20200528,AAPL,3783310,,,,,318.25,33404262,0.00044,4334335,4,4,-0.002108
14593,20200529,AAPL,3783310,,,,,317.94,38335152,-0.000974,4334335,4,4,0.004812
14593,20200601,AAPL,3783310,,,,,321.85001,20205496,0.012298,4334335,4,4,0.003751
14593,20200602,AAPL,3783310,,,,,323.34,21840201,0.004629,4334335,4,4,0.008211
14593,20200603,AAPL,3783310,,,,,325.12,26078609,0.005505,4334335,4,4,0.013649
14593,20200604,AAPL,3783310,,,,,322.32001,21852179,-0.008612,4334335,4,4,-0.003369
14593,20200605,AAPL,3783310,,,,,331.5,34247522,0.028481,4334335,4,4,0.026212
14593,20200608,AAPL,3783310,,,,,333.45999,23879017,0.005912,4334335,4,4,0.012042
14593,20200609,AAPL,3783310,,,,,343.98999,36863265,0.031578,4334335,4,4,-0.007799
14593,20200610,AAPL,3783310,,,,,352.84,41542053,0.025728,4334335,4,4,-0.005313
14593,20200611,AAPL,3783310,,,,,335.89999,50300091,-0.04801,4334335,4,4,-0.058944
14593,20200612,AAPL,3783310,,,,,338.79999,49967115,0.008634,4334335,4,4,0.013061
14593,20200615,AAPL,3783310,,,,,342.98999,34627938,0.012367,4334335,4,4,0.008312
14593,20200616,AAPL,3783310,,,,,352.07999,41245513,0.026502,4334335,4,4,0.018962
14593,20200617,AAPL,3783310,,,,,351.59,28554750,-0.001392,4334335,4,4,-0.0036
14593,20200618,AAPL,3783310,,,,,351.73001,24172267,0.000398,4334335,4,4,0.000594
14593,20200619,AAPL,3783310,,,,,349.72,66037459,-0.005715,4334335,4,4,-0.005649
14593,20200622,AAPL,3783310,,,,,358.87,33812912,0.026164,4334335,4,4,0.006495
14593,20200623,AAPL,3783310,,,,,366.53,53182427,0.021345,4334335,4,4,0.004307
14593,20200624,AAPL,3783310,,,,,360.06,48047118,-0.017652,4334335,4,4,-0.025855
14593,20200625,AAPL,3783310,,,,,364.84,34315020,0.013276,4334335,4,4,0.010959
14593,20200626,AAPL,3783310,,,,,353.63,51207362,-0.030726,4283939,4,4,-0.024227
14593,20200629,AAPL,3783310,,,,,361.78,32566144,0.023047,4283939,4,4,0.014686
14593,20200630,AAPL,3783310,,,,,364.79999,34978689,0.008348,4283939,4,4,0.01541
14593,20200701,AAPL,3783310,,,,,364.10999,27650340,-0.001891,4283939,4,4,0.005022
14593,20200702,AAPL,3783310,,,,,364.10999,28471206,0,4283939,4,4,0.004541
14593,20200706,AAPL,3783310,,,,,373.85001,29631798,0.02675,4283939,4,4,0.015882
14593,20200707,AAPL,3783310,,,,,372.69,28068497,-0.003103,4283939,4,4,-0.010819
14593,20200708,AAPL,3783310,,,,,381.37,29211106,0.02329,4283939,4,4,0.007828
14593,20200709,AAPL,3783310,,,,,382.73001,31358769,0.003566,4283939,4,4,-0.005644
14593,20200710,AAPL,3783310,,,,,383.67999,22534813,0.002482,4283939,4,4,0.010466
14593,20200713,AAPL,3783310,,,,,381.91,47813489,-0.004613,4283939,4,4,-0.009363
14593,20200714,AAPL,3783310,,,,,388.23001,42609536,0.016548,4283939,4,4,0.013406
14593,20200715,AAPL,3783310,,,,,390.89999,38234631,0.006877,4283939,4,4,0.009082
14593,20200716,AAPL,3783310,,,,,386.09,27597914,-0.012305,4283939,4,4,-0.003406
14593,20200717,AAPL,3783310,,,,,385.31,22992702,-0.00202,4275634,4,4,0.002849
14593,20200720,AAPL,3783310,,,,,393.42999,22536006,0.021074,4275634,4,4,0.008407
14593,20200721,AAPL,3783310,,,,,388,25862305,-0.013802,4275634,4,4,0.001679
14593,20200722,AAPL,3783310,,,,,389.09,22203435,0.002809,4275634,4,4,0.005747
14593,20200723,AAPL,3783310,,,,,371.38,49127346,-0.045516,4275634,4,4,-0.01232
14593,20200724,AAPL,3783310,,,,,370.45999,46450141,-0.002477,4275634,4,4,-0.00619
14593,20200727,AAPL,3783310,,,,,379.23999,30239896,0.0237,4275634,4,4,0.007395
14593,20200728,AAPL,3783310,,,,,373.01001,26041459,-0.016428,4275634,4,4,-0.006473
14593,20200729,AAPL,3783310,,,,,380.16,22547440,0.019168,4275634,4,4,0.012428
14593,20200730,AAPL,3783310,,,,,384.76001,39436618,0.0121,4275634,4,4,-0.00375
14593,20200731,AAPL,3783310,,,,,425.04001,93682818,0.104689,4275634,4,4,0.00767
14593,20200803,AAPL,3783310,,,,,435.75,76862703,0.025198,4275634,4,4,0.007181
14593,20200804,AAPL,3783310,,,,,438.66,43117998,0.006678,4275634,4,4,0.003612
14593,20200805,AAPL,3783310,,,,,440.25,30448786,0.003625,4275634,4,4,0.00643
14593,20200806,AAPL,3783310,,,,,455.60999,50509031,0.034889,4275634,4,4,0.006428
14593,20200807,AAPL,3783310,1232,0.82,0,0,444.45001,49415453,-0.022695,4275634,4,4,0.000633
14593,20200810,AAPL,3783310,,,,,450.91,53007760,0.014535,4275634,4,4,0.002742
14593,20200811,AAPL,3783310,,,,,437.5,46866472,-0.02974,4275634,4,4,-0.007969
14593,20200812,AAPL,3783310,,,,,452.04001,41377100,0.033234,4275634,4,4,0.013997
14593,20200813,AAPL,3783310,,,,,460.04001,52399817,0.017698,4275634,4,4,-0.002047
14593,20200814,AAPL,3783310,,,,,459.63,41296563,-0.000891,4275634,4,4,-0.000172
14593,20200817,AAPL,3783310,,,,,458.42999,29839065,-0.002611,4275634,4,4,0.00271
14593,20200818,AAPL,3783310,,,,,462.25,26336505,0.008333,4275634,4,4,0.002303
14593,20200819,AAPL,3783310,,,,,462.82999,36314447,0.001255,4275634,4,4,-0.004404
14593,20200820,AAPL,3783310,,,,,473.10001,31665110,0.02219,4275634,4,4,0.003159
14593,20200821,AAPL,3783310,,,,,497.48001,84280672,0.051532,4275634,4,4,0.003441
14593,20200824,AAPL,3783310,,,,,503.42999,86159818,0.01196,4275634,4,4,0.010044
14593,20200825,AAPL,3783310,,,,,499.29999,52733324,-0.008204,4275634,4,4,0.003596
14593,20200826,AAPL,3783310,,,,,506.09,40657799,0.013599,4275634,4,4,0.010196
14593,20200827,AAPL,3783310,,,,,500.04001,38758679,-0.011954,4275634,4,4,0.001673
14593,20200828,AAPL,3783310,,,,,499.23001,46822040,-0.00162,4275634,4,4,0.006733
14593,20200831,AAPL,3783310,5523,0,3,3,129.03999,225554025,0.033912,17102536,1,1,-0.002195
14593,20200901,AAPL,3783310,,,,,134.17999,152742024,0.039833,17102536,1,1,0.007525
14593,20200902,AAPL,3783310,,,,,131.39999,200042069,-0.020718,17102536,1,1,0.015366
14593,20200903,AAPL,3783310,,,,,120.88,257061551,-0.080061,17102536,1,1,-0.035126
14593,20200904,AAPL,3783310,,,,,120.96,331572938,0.000662,17102536,1,1,-0.008133
14593,20200908,AAPL,3783310,,,,,112.82,230760176,-0.067295,17102536,1,1,-0.027756
14593,20200909,AAPL,3783310,,,,,117.32,176645422,0.039887,17102536,1,1,0.020145
14593,20200910,AAPL,3783310,,,,,113.49,181999025,-0.032646,17102536,1,1,-0.017585
14593,20200911,AAPL,3783310,,,,,112,180659530,-0.013129,17102536,1,1,0.000533
14593,20200914,AAPL,3783310,,,,,115.355,139845699,0.029955,17102536,1,1,0.012742
14593,20200915,AAPL,3783310,,,,,115.54,184316212,0.001604,17102536,1,1,0.005219
14593,20200916,AAPL,3783310,,,,,112.13,154909387,-0.029514,17102536,1,1,-0.004619
14593,20200917,AAPL,3783310,,,,,110.34,177537942,-0.015964,17102536,1,1,-0.008412
14593,20200918,AAPL,3783310,,,,,106.84,286945799,-0.03172,17102536,1,1,-0.011183
14593,20200921,AAPL,3783310,,,,,110.08,195573445,0.030326,17102536,1,1,-0.011571
14593,20200922,AAPL,3783310,,,,,111.81,182946738,0.015716,17102536,1,1,0.010518
14593,20200923,AAPL,3783310,,,,,107.12,150589442,-0.041946,17102536,1,1,-0.023721
14593,20200924,AAPL,3783310,,,,,108.22,167427193,0.010269,17102536,1,1,0.002987
14593,20200925,AAPL,3783310,,,,,112.28,149848521,0.037516,16976763,1,1,0.015977
14593,20200928,AAPL,3783310,,,,,114.96,137599239,0.023869,16976763,1,1,0.016111
14593,20200929,AAPL,3783310,,,,,114.09,100031912,-0.007568,16976763,1,1,-0.004813
14593,20200930,AAPL,3783310,,,,,115.81,142573119,0.015076,16976763,1,1,0.008254
14593,20201001,AAPL,3783310,,,,,116.79,116058577,0.008462,16976763,1,1,0.005293
14593,20201002,AAPL,3783310,,,,,113.02,144577195,-0.03228,16976763,1,1,-0.009572
14593,20201005,AAPL,3783310,,,,,116.5,106183097,0.030791,16976763,1,1,0.017976
14593,20201006,AAPL,3783310,,,,,113.16,161415506,-0.028669,16976763,1,1,-0.013988
14593,20201007,AAPL,3783310,,,,,115.08,96819022,0.016967,16976763,1,1,0.017406
14593,20201008,AAPL,3783310,,,,,114.97,83419922,-0.000956,16976763,1,1,0.008007
14593,20201009,AAPL,3783310,,,,,116.97,100478282,0.017396,16976763,1,1,0.008791
14593,20201012,AAPL,3783310,,,,,124.4,240156702,0.063521,16976763,1,1,0.016419
14593,20201013,AAPL,3783310,,,,,121.1,262171031,-0.026527,16976763,1,1,-0.006307
14593,20201014,AAPL,3783310,,,,,121.19,150979103,0.000743,16976763,1,1,-0.006623
14593,20201015,AAPL,3783310,,,,,120.71,112515577,-0.003961,16976763,1,1,-0.001528
14593,20201016,AAPL,3783310,,,,,119.02,115357841,-0.014001,17001802,1,1,0.000135
14593,20201019,AAPL,3783310,,,,,115.98,120572523,-0.025542,17001802,1,1,-0.01633
14593,20201020,AAPL,3783310,,,,,117.51,124359954,0.013192,17001802,1,1,0.004727
14593,20201021,AAPL,3783310,,,,,116.87,89876210,-0.005446,17001802,1,1,-0.002196
14593,20201022,AAPL,3783310,,,,,115.75,101940212,-0.009583,17001802,1,1,0.005219
14593,20201023,AAPL,3783310,,,,,115.04,82697840,-0.006134,17001802,1,1,0.003446
14593,20201026,AAPL,3783310,,,,,115.05,111788864,0.000087,17001802,1,1,-0.01859
14593,20201027,AAPL,3783310,,,,,116.6,92236302,0.013472,17001802,1,1,-0.003026
14593,20201028,AAPL,3783310,,,,,111.2,143853670,-0.046312,17001802,1,1,-0.035288
14593,20201029,AAPL,3783310,,,,,115.32,146025301,0.03705,17001802,1,1,0.011947
14593,20201030,AAPL,3783310,,,,,108.86,190345505,-0.056018,17001802,1,1,-0.01213
14593,20201102,AAPL,3783310,,,,,108.77,122778723,-0.000827,17001802,1,1,0.012318
14593,20201103,AAPL,3783310,,,,,110.44,107553090,0.015354,17001802,1,1,0.017799
14593,20201104,AAPL,3783310,,,,,114.95,138138974,0.040837,17001802,1,1,0.022047
14593,20201105,AAPL,3783310,,,,,119.03,126310647,0.035494,17001802,1,1,0.01946
14593,20201106,AAPL,3783310,1232,0.205,0,0,118.69,114409778,-0.001134,17001802,1,1,-0.000288
14593,20201109,AAPL,3783310,,,,,116.32,154379369,-0.019968,17001802,1,1,0.0117
14593,20201110,AAPL,3783310,,,,,115.97,135799280,-0.003009,17001802,1,1,-0.0014
14593,20201111,AAPL,3783310,,,,,119.49,112247789,0.030353,17001802,1,1,0.007652
14593,20201112,AAPL,3783310,,,,,119.21,103416642,-0.002343,17001802,1,1,-0.009979
14593,20201113,AAPL,3783310,,,,,119.26,81647331,0.000419,17001802,1,1,0.01361
14593,20201116,AAPL,3783310,,,,,120.3,91110703,0.00872,17001802,1,1,0.011648
14593,20201117,AAPL,3783310,,,,,119.39,74258839,-0.007564,17001802,1,1,-0.004792
14593,20201118,AAPL,3783310,,,,,118.03,76042019,-0.011391,17001802,1,1,-0.011564
14593,20201119,AAPL,3783310,,,,,118.64,74133445,0.005168,17001802,1,1,0.003946
14593,20201120,AAPL,3783310,,,,,117.34,73549402,-0.010958,17001802,1,1,-0.006793
14593,20201123,AAPL,3783310,,,,,113.85,127821075,-0.029743,17001802,1,1,0.005636
14593,20201124,AAPL,3783310,,,,,115.17,113784471,0.011594,17001802,1,1,0.016162
14593,20201125,AAPL,3783310,,,,,116.03,76418915,0.007467,17001802,1,1,-0.001584
14593,20201127,AAPL,3783310,,,,,116.59,46657288,0.004826,17001802,1,1,0.002397
14593,20201130,AAPL,3783310,,,,,119.05,169242194,0.0211,17001802,1,1,-0.004595
14593,20201201,AAPL,3783310,,,,,122.72,127991618,0.030827,17001802,1,1,0.011271
14593,20201202,AAPL,3783310,,,,,123.08,88942532,0.002934,17001802,1,1,0.001791
14593,20201203,AAPL,3783310,,,,,122.94,78855661,-0.001137,17001802,1,1,-0.000624
14593,20201204,AAPL,3783310,,,,,122.25,78131082,-0.005613,17001802,1,1,0.008836
14593,20201207,AAPL,3783310,,,,,123.75,86661259,0.01227,17001802,1,1,-0.001936
14593,20201208,AAPL,3783310,,,,,124.38,82138626,0.005091,17001802,1,1,0.002787
14593,20201209,AAPL,3783310,,,,,121.78,115185526,-0.020904,17001802,1,1,-0.007949
14593,20201210,AAPL,3783310,,,,,123.24,81255400,0.011989,17001802,1,1,-0.001285
14593,20201211,AAPL,3783310,,,,,122.41,86803288,-0.006735,17001802,1,1,-0.001265
14593,20201214,AAPL,3783310,,,,,121.78,79203119,-0.005147,17001802,1,1,-0.004359
14593,20201215,AAPL,3783310,,,,,127.88,157265881,0.05009,17001802,1,1,0.012921
14593,20201216,AAPL,3783310,,,,,127.81,98119593,-0.000547,17001802,1,1,0.001773
14593,20201217,AAPL,3783310,,,,,128.7,94296037,0.006963,17001802,1,1,0.005758
14593,20201218,AAPL,3783310,,,,,126.655,192458161,-0.01589,17001802,1,1,-0.003511
14593,20201221,AAPL,3783310,,,,,128.23,121045980,0.012435,17001802,1,1,-0.003906
14593,20201222,AAPL,3783310,,,,,131.88,169237476,0.028465,17001802,1,1,-0.002073
14593,20201223,AAPL,3783310,,,,,130.96001,88169905,-0.006976,17001802,1,1,0.000746
14593,20201224,AAPL,3783310,,,,,131.97,54892884,0.007712,16823263,1,1,0.003537
14593,20201228,AAPL,3783310,,,,,136.69,124412013,0.035766,16823263,1,1,0.008723
14593,20201229,AAPL,3783310,,,,,134.87,120941073,-0.013315,16823263,1,1,-0.002227
14593,20201230,AAPL,3783310,,,,,133.72,95485520,-0.008527,16823263,1,1,0.001342
14593,20201231,AAPL,3783310,,,,,132.69,99039105,-0.007703,16823263,1,1,0.006439
14593,20210104,AAPL,3783310,,,,,129.41,143186134,-0.024719,16823263,1,1,-0.014755
14593,20210105,AAPL,3783310,,,,,131.00999,97570488,0.012364,16823263,1,1,0.007083
14593,20210106,AAPL,3783310,,,,,126.6,154976358,-0.033662,16823263,1,1,0.00571
14593,20210107,AAPL,3783310,,,,,130.92,109524093,0.034123,16823263,1,1,0.014847
14593,20210108,AAPL,3783310,,,,,132.05,105069120,0.008631,16823263,1,1,0.005492
14593,20210111,AAPL,3783310,,,,,128.98,100572235,-0.023249,16823263,1,1,-0.006555
14593,20210112,AAPL,3783310,,,,,128.8,91934932,-0.001396,16823263,1,1,0.000416
14593,20210113,AAPL,3783310,,,,,130.89,88570905,0.016227,16823263,1,1,0.002276
14593,20210114,AAPL,3783310,,,,,128.91,90068223,-0.015127,16823263,1,1,-0.003753
14593,20210115,AAPL,3783310,,,,,127.14,113824189,-0.013731,16788096,1,1,-0.00719
14593,20210119,AAPL,3783310,,,,,127.83,90721126,0.005427,16788096,1,1,0.008136
14593,20210120,AAPL,3783310,,,,,132.03,104266089,0.032856,16788096,1,1,0.013936
14593,20210121,AAPL,3783310,,,,,136.87,120558946,0.036658,16788096,1,1,0.000317
14593,20210122,AAPL,3783310,,,,,139.07001,114389452,0.016074,16788096,1,1,-0.003011
14593,20210125,AAPL,3783310,,,,,142.92,157582465,0.027684,16788096,1,1,0.003616
14593,20210126,AAPL,3783310,,,,,143.16,98344597,0.001679,16788096,1,1,-0.001489
14593,20210127,AAPL,3783310,,,,,142.06,142354672,-0.007684,16788096,1,1,-0.025678
14593,20210128,AAPL,3783310,,,,,137.09,142513841,-0.034985,16788096,1,1,0.009761
14593,20210129,AAPL,3783310,,,,,131.96001,177453210,-0.037421,16788096,1,1,-0.019312
14593,20210201,AAPL,3783310,,,,,134.14,106188262,0.01652,16788096,1,1,0.016052
14593,20210202,AAPL,3783310,,,,,134.99001,83261091,0.006337,16788096,1,1,0.013898
14593,20210203,AAPL,3783310,,,,,133.94,89846834,-0.007778,16788096,1,1,0.001009
14593,20210204,AAPL,3783310,,,,,137.39,84143094,0.025758,16788096,1,1,0.010853
14593,20210205,AAPL,3783310,1232,0.205,0,0,136.75999,75841114,-0.003093,16788096,1,1,0.003897
14593,20210208,AAPL,3783310,,,,,136.91,71251676,0.001097,16788096,1,1,0.007399
14593,20210209,AAPL,3783310,,,,,136.00999,76741441,-0.006574,16788096,1,1,-0.001113
14593,20210210,AAPL,3783310,,,,,135.39,73006258,-0.004558,16788096,1,1,-0.000345
14593,20210211,AAPL,3783310,,,,,135.13,64374429,-0.00192,16788096,1,1,0.001662
14593,20210212,AAPL,3783310,,,,,135.37,60094459,0.001776,16788096,1,1,0.004711
14593,20210216,AAPL,3783310,,,,,133.19,80509624,-0.016104,16788096,1,1,-0.000569
14593,20210217,AAPL,3783310,,,,,130.84,98053909,-0.017644,16788096,1,1,-0.00032
14593,20210218,AAPL,3783310,,,,,129.71001,97162779,-0.008636,16788096,1,1,-0.004416
14593,20210219,AAPL,3783310,,,,,129.87,87585271,0.001233,16788096,1,1,-0.001855
14593,20210222,AAPL,3783310,,,,,126,103812090,-0.029799,16788096,1,1,-0.007733
14593,20210223,AAPL,3783310,,,,,125.86,158135137,-0.001111,16788096,1,1,0.001256
14593,20210224,AAPL,3783310,,,,,125.35,110976944,-0.004052,16788096,1,1,0.011352
14593,20210225,AAPL,3783310,,,,,120.99,148045165,-0.034783,16788096,1,1,-0.024479
14593,20210226,AAPL,3783310,,,,,121.26,164264783,0.002232,16788096,1,1,-0.00475
14593,20210301,AAPL,3783310,,,,,127.79,116182712,0.053851,16788096,1,1,0.023791
14593,20210302,AAPL,3783310,,,,,125.12,102197605,-0.020894,16788096,1,1,-0.008081
14593,20210303,AAPL,3783310,,,,,122.06,112878055,-0.024457,16788096,1,1,-0.013066
14593,20210304,AAPL,3783310,,,,,120.13,178012291,-0.015812,16788096,1,1,-0.013417
14593,20210305,AAPL,3783310,,,,,121.42,153612894,0.010738,16788096,1,1,0.019496
14593,20210308,AAPL,3783310,,,,,116.36,154275852,-0.041674,16788096,1,1,-0.005359
14593,20210309,AAPL,3783310,,,,,121.085,129396599,0.040607,16788096,1,1,0.014155
14593,20210310,AAPL,3783310,,,,,119.98,111859318,-0.009126,16788096,1,1,0.00603
14593,20210311,AAPL,3783310,,,,,121.96,102938841,0.016503,16788096,1,1,0.010395
14593,20210312,AAPL,3783310,,,,,121.03,88049545,-0.007625,16788096,1,1,0.001015
14593,20210315,AAPL,3783310,,,,,123.99,92554930,0.024457,16788096,1,1,0.006492
14593,20210316,AAPL,3783310,,,,,125.57,115148387,0.012743,16788096,1,1,-0.00157
14593,20210317,AAPL,3783310,,,,,124.76,111850179,-0.006451,16788096,1,1,0.002879
14593,20210318,AAPL,3783310,,,,,120.53,121360054,-0.033905,16788096,1,1,-0.014761
14593,20210319,AAPL,3783310,,,,,119.99,185471502,-0.00448,16788096,1,1,-0.000603
14593,20210322,AAPL,3783310,,,,,123.39,111853557,0.028336,16788096,1,1,0.007025
14593,20210323,AAPL,3783310,,,,,122.54,95406081,-0.006889,16788096,1,1,-0.007631
14593,20210324,AAPL,3783310,,,,,120.09,88498035,-0.019994,16788096,1,1,-0.005467
14593,20210325,AAPL,3783310,,,,,120.59,98796267,0.004164,16788096,1,1,0.00524
14593,20210326,AAPL,3783310,,,,,121.21,93985444,0.005141,16686305,1,1,0.016631
14593,20210329,AAPL,3783310,,,,,121.39,80783396,0.001485,16686305,1,1,-0.000868
14593,20210330,AAPL,3783310,,,,,119.9,85639493,-0.012274,16686305,1,1,-0.003158
14593,20210331,AAPL,3783310,,,,,122.15,118233891,0.018766,16686305,1,1,0.003623
14593,20210401,AAPL,3783310,,,,,123,75009453,0.006959,16686305,1,1,0.011825
14593,20210405,AAPL,3783310,,,,,125.9,88607585,0.023577,16686305,1,1,0.014438
14593,20210406,AAPL,3783310,,,,,126.21,80113038,0.002462,16686305,1,1,-0.000974
14593,20210407,AAPL,3783310,,,,,127.9,83423902,0.01339,16686305,1,1,0.001475
14593,20210408,AAPL,3783310,,,,,130.36,88836712,0.019234,16686305,1,1,0.004221
14593,20210409,AAPL,3783310,,,,,132.995,106616806,0.020213,16686305,1,1,0.00772
14593,20210412,AAPL,3783310,,,,,131.24001,91379660,-0.013196,16686305,1,1,-0.000196
14593,20210413,AAPL,3783310,,,,,134.42999,91200523,0.024307,16686305,1,1,0.003295
14593,20210414,AAPL,3783310,,,,,132.03,87172478,-0.017853,16686305,1,1,-0.004088
14593,20210415,AAPL,3783310,,,,,134.5,89274299,0.018708,16686305,1,1,0.011094
14593,20210416,AAPL,3783310,,,,,134.16,84872857,-0.002528,16687631,1,1,0.003609
14593,20210419,AAPL,3783310,,,,,134.84,94233786,0.005069,16687631,1,1,-0.005306
14593,20210420,AAPL,3783310,,,,,133.11,94749966,-0.01283,16687631,1,1,-0.006802
14593,20210421,AAPL,3783310,,,,,133.5,68809932,0.00293,16687631,1,1,0.009306
14593,20210422,AAPL,3783310,,,,,131.94,84506870,-0.011685,16687631,1,1,-0.009211
14593,20210423,AAPL,3783310,,,,,134.32001,78761275,0.018039,16687631,1,1,0.010929
14593,20210426,AAPL,3783310,,,,,134.72,66862409,0.002978,16687631,1,1,0.001782
14593,20210427,AAPL,3783310,,,,,134.39,65940835,-0.00245,16687631,1,1,-0.000215
14593,20210428,AAPL,3783310,,,,,133.58,107719664,-0.006027,16687631,1,1,-0.000846
14593,20210429,AAPL,3783310,,,,,133.48,150986138,-0.000749,16687631,1,1,0.006763
14593,20210430,AAPL,3783310,,,,,131.46001,109796210,-0.015133,16687631,1,1,-0.007195
14593,20210503,AAPL,3783310,,,,,132.53999,75091924,0.008215,16687631,1,1,0.002748
14593,20210504,AAPL,3783310,,,,,127.85,137435341,-0.035386,16687631,1,1,-0.006678
14593,20210505,AAPL,3783310,,,,,128.10001,83940839,0.001955,16687631,1,1,0.000704
14593,20210506,AAPL,3783310,,,,,129.74001,78537744,0.012802,16687631,1,1,0.008165
14593,20210507,AAPL,3783310,1232,0.22,0,0,130.21001,79293895,0.005318,16687631,1,1,0.007373
14593,20210510,AAPL,3783310,,,,,126.85,88012052,-0.025805,16687631,1,1,-0.010436
14593,20210511,AAPL,3783310,,,,,125.91,126018194,-0.00741,16687631,1,1,-0.008674
14593,20210512,AAPL,3783310,,,,,122.77,112102027,-0.024939,16687631,1,1,-0.021449
14593,20210513,AAPL,3783310,,,,,124.97,105797826,0.01792,16687631,1,1,0.012173
14593,20210514,AAPL,3783310,,,,,127.45,81863139,0.019845,16687631,1,1,0.014918
14593,20210517,AAPL,3783310,,,,,126.27,74211768,-0.009259,16687631,1,1,-0.00253
14593,20210518,AAPL,3783310,,,,,124.85,63296379,-0.011246,16687631,1,1,-0.008517
14593,20210519,AAPL,3783310,,,,,124.69,92520046,-0.001282,16687631,1,1,-0.002943
14593,20210520,AAPL,3783310,,,,,127.31,76812687,0.021012,16687631,1,1,0.010555
14593,20210521,AAPL,3783310,,,,,125.43,79269170,-0.014767,16687631,1,1,-0.000784
14593,20210524,AAPL,3783310,,,,,127.1,63077553,0.013314,16687631,1,1,0.009911
14593,20210525,AAPL,3783310,,,,,126.9,71980547,-0.001574,16687631,1,1,-0.002125
14593,20210526,AAPL,3783310,,,,,126.85,56550481,-0.000394,16687631,1,1,0.001877
14593,20210527,AAPL,3783310,,,,,125.28,94585371,-0.012377,16687631,1,1,0.001165
14593,20210528,AAPL,3783310,,,,,124.61,71234781,-0.005348,16687631,1,1,0.000769
14593,20210601,AAPL,3783310,,,,,124.28,67592932,-0.002648,16687631,1,1,-0.000492
14593,20210602,AAPL,3783310,,,,,125.06,59257915,0.006276,16687631,1,1,0.001447
14593,20210603,AAPL,3783310,,,,,123.54,76181492,-0.012154,16687631,1,1,-0.003629
14593,20210604,AAPL,3783310,,,,,125.89,75120692,0.019022,16687631,1,1,0.008834
14593,20210607,AAPL,3783310,,,,,125.9,71020914,0.000079,16687631,1,1,-0.000797
14593,20210608,AAPL,3783310,,,,,126.74,74349190,0.006672,16687631,1,1,0.000175
14593,20210609,AAPL,3783310,,,,,127.13,56857821,0.003077,16687631,1,1,-0.001824
14593,20210610,AAPL,3783310,,,,,126.11,71146464,-0.008023,16687631,1,1,0.004652
14593,20210611,AAPL,3783310,,,,,127.35,53473755,0.009833,16687631,1,1,0.001948
14593,20210614,AAPL,3783310,,,,,130.48,96888867,0.024578,16687631,1,1,0.001815
14593,20210615,AAPL,3783310,,,,,129.64,62712410,-0.006438,16687631,1,1,-0.002012
14593,20210616,AAPL,3783310,,,,,130.14999,91785628,0.003934,16687631,1,1,-0.00539
14593,20210617,AAPL,3783310,,,,,131.78999,96651607,0.012601,16687631,1,1,-0.000436
14593,20210618,AAPL,3783310,,,,,130.46001,108884951,-0.010092,16687631,1,1,-0.013125
14593,20210621,AAPL,3783310,,,,,132.3,79620300,0.014104,16687631,1,1,0.014002
14593,20210622,AAPL,3783310,,,,,133.98,74742961,0.012698,16687631,1,1,0.005125
14593,20210623,AAPL,3783310,,,,,133.7,60199807,-0.00209,16687631,1,1,-0.001083
14593,20210624,AAPL,3783310,,,,,133.41,68756931,-0.002169,16687631,1,1,0.005811
14593,20210625,AAPL,3783310,,,,,133.11,70747292,-0.002249,16556942,1,1,0.003331
14593,20210628,AAPL,3783310,,,,,134.78,62087450,0.012546,16556942,1,1,0.002315
14593,20210629,AAPL,3783310,,,,,136.33,64595415,0.0115,16556942,1,1,0.000277
14593,20210630,AAPL,3783310,,,,,136.96001,63214977,0.004621,16556942,1,1,0.001328
14593,20210701,AAPL,3783310,,,,,137.27,52462270,0.002263,16556942,1,1,0.005222
14593,20210702,AAPL,3783310,,,,,139.96001,78938035,0.019596,16556942,1,1,0.0075
14593,20210706,AAPL,3783310,,,,,142.02,108088222,0.014718,16556942,1,1,-0.002022
14593,20210707,AAPL,3783310,,,,,144.57001,104833605,0.017955,16556942,1,1,0.003359
14593,20210708,AAPL,3783310,,,,,143.24001,105674698,-0.0092,16556942,1,1,-0.008561
14593,20210709,AAPL,3783310,,,,,145.11,99822968,0.013055,16556942,1,1,0.011278
14593,20210712,AAPL,3783310,,,,,144.5,76237203,-0.004204,16556942,1,1,0.003451
14593,20210713,AAPL,3783310,,,,,145.64,100780097,0.007889,16556942,1,1,-0.003517
14593,20210714,AAPL,3783310,,,,,149.14999,126884309,0.0241,16556942,1,1,0.001165
14593,20210715,AAPL,3783310,,,,,148.48,106631716,-0.004492,16556942,1,1,-0.003262
14593,20210716,AAPL,3783310,,,,,146.39,93174841,-0.014076,16530166,1,1,-0.007539
14593,20210719,AAPL,3783310,,,,,142.45,121334242,-0.026914,16530166,1,1,-0.01587
14593,20210720,AAPL,3783310,,,,,146.14999,96948375,0.025974,16530166,1,1,0.015163
14593,20210721,AAPL,3783310,,,,,145.39999,74917788,-0.005132,16530166,1,1,0.008242
14593,20210722,AAPL,3783310,,,,,146.8,77295890,0.009629,16530166,1,1,0.002017
14593,20210723,AAPL,3783310,,,,,148.56,71381299,0.011989,16530166,1,1,0.010145
14593,20210726,AAPL,3783310,,,,,148.99001,72377991,0.002895,16530166,1,1,0.002382
14593,20210727,AAPL,3783310,,,,,146.77,104694666,-0.0149,16530166,1,1,-0.004712
14593,20210728,AAPL,3783310,,,,,144.98,118770829,-0.012196,16530166,1,1,-0.000186
14593,20210729,AAPL,3783310,,,,,145.64,56645669,0.004552,16530166,1,1,0.004206
14593,20210730,AAPL,3783310,,,,,145.86,70363631,0.001511,16530166,1,1,-0.005406
14593,20210802,AAPL,3783310,,,,,145.52,62783650,-0.002331,16530166,1,1,-0.001843
14593,20210803,AAPL,3783310,,,,,147.36,64747454,0.012644,16530166,1,1,0.008203
14593,20210804,AAPL,3783310,,,,,146.95,56341525,-0.002782,16530166,1,1,-0.004632
14593,20210805,AAPL,3783310,,,,,147.06,46344581,0.000749,16530166,1,1,0.006005
14593,20210806,AAPL,3783310,1232,0.22,0,0,146.14,54066445,-0.00476,16530166,1,1,0.001675
14593,20210809,AAPL,3783310,,,,,146.09,48856850,-0.000342,16530166,1,1,-0.00094
14593,20210810,AAPL,3783310,,,,,145.60001,68943826,-0.003354,16530166,1,1,0.000993
14593,20210811,AAPL,3783310,,,,,145.86,48455755,0.001786,16530166,1,1,0.002468
14593,20210812,AAPL,3783310,,,,,148.89,73725143,0.020773,16530166,1,1,0.002952
14593,20210813,AAPL,3783310,,,,,149.10001,59326874,0.00141,16530166,1,1,0.001607
14593,20210816,AAPL,3783310,,,,,151.12,103488702,0.013548,16530166,1,1,0.002621
14593,20210817,AAPL,3783310,,,,,150.19,92171570,-0.006154,16530166,1,1,-0.007061
14593,20210818,AAPL,3783310,,,,,146.36,86265739,-0.025501,16530166,1,1,-0.010748
14593,20210819,AAPL,3783310,,,,,146.7,86441784,0.002323,16530166,1,1,0.001257
14593,20210820,AAPL,3783310,,,,,148.19,60538324,0.010157,16530166,1,1,0.008142
14593,20210823,AAPL,3783310,,,,,149.71001,60096323,0.010257,16530166,1,1,0.008524
14593,20210824,AAPL,3783310,,,,,149.62,48578155,-0.000601,16530166,1,1,0.001496
14593,20210825,AAPL,3783310,,,,,148.36,58908699,-0.008421,16530166,1,1,0.00222
14593,20210826,AAPL,3783310,,,,,147.53999,48554942,-0.005527,16530166,1,1,-0.005825
14593,20210827,AAPL,3783310,,,,,148.60001,55732411,0.007185,16530166,1,1,0.008808
14593,20210830,AAPL,3783310,,,,,153.12,90879005,0.030417,16530166,1,1,0.004307
14593,20210831,AAPL,3783310,,,,,151.83,86347830,-0.008425,16530166,1,1,-0.001349
14593,20210901,AAPL,3783310,,,,,152.50999,80387213,0.004479,16530166,1,1,0.000312
14593,20210902,AAPL,3783310,,,,,153.64999,71174677,0.007475,16530166,1,1,0.002843
14593,20210903,AAPL,3783310,,,,,154.3,57805643,0.00423,16530166,1,1,-0.000335
14593,20210907,AAPL,3783310,,,,,156.69,82231703,0.015489,16530166,1,1,-0.003395
14593,20210908,AAPL,3783310,,,,,155.11,74347440,-0.010084,16530166,1,1,-0.001319
14593,20210909,AAPL,3783310,,,,,154.07001,57267414,-0.006705,16530166,1,1,-0.004606
14593,20210910,AAPL,3783310,,,,,148.97,140722608,-0.033102,16530166,1,1,-0.007723
14593,20210913,AAPL,3783310,,,,,149.55,102341812,0.003893,16530166,1,1,0.002277
14593,20210914,AAPL,3783310,,,,,148.12,109224221,-0.009562,16530166,1,1,-0.005747
14593,20210915,AAPL,3783310,,,,,149.03,83271181,0.006144,16530166,1,1,0.008474
14593,20210916,AAPL,3783310,,,,,148.78999,67962033,-0.00161,16530166,1,1,-0.001551
14593,20210917,AAPL,3783310,,,,,146.06,129777475,-0.018348,16530166,1,1,-0.009111
14593,20210920,AAPL,3783310,,,,,142.94,123375198,-0.021361,16530166,1,1,-0.016977
14593,20210921,AAPL,3783310,,,,,143.42999,75788396,0.003428,16530166,1,1,-0.000812
14593,20210922,AAPL,3783310,,,,,145.85001,76343549,0.016872,16530166,1,1,0.00952
14593,20210923,AAPL,3783310,,,,,146.83,64776884,0.006719,16530166,1,1,0.012135
14593,20210924,AAPL,3783310,,,,,146.92,53413356,0.000613,16426786,1,1,0.001461
14593,20210927,AAPL,3783310,,,,,145.37,74110174,-0.01055,16426786,1,1,-0.002776
14593,20210928,AAPL,3783310,,,,,141.91,108864475,-0.023801,16426786,1,1,-0.020364
14593,20210929,AAPL,3783310,,,,,142.83,74535495,0.006483,16426786,1,1,0.001569
14593,20210930,AAPL,3783310,,,,,141.5,88991097,-0.009312,16426786,1,1,-0.01191
14593,20211001,AAPL,3783310,,,,,142.64999,94632013,0.008127,16426786,1,1,0.011491
14593,20211004,AAPL,3783310,,,,,139.14,98233554,-0.024606,16426786,1,1,-0.012986
14593,20211005,AAPL,3783310,,,,,141.11,80765889,0.014158,16426786,1,1,0.010524
14593,20211006,AAPL,3783310,,,,,142,83182053,0.006307,16426786,1,1,0.004103
14593,20211007,AAPL,3783310,,,,,143.28999,61683766,0.009084,16426786,1,1,0.008298
14593,20211008,AAPL,3783310,,,,,142.89999,58732359,-0.002722,16426786,1,1,-0.001914
14593,20211011,AAPL,3783310,,,,,142.81,64409225,-0.00063,16426786,1,1,-0.006866
14593,20211012,AAPL,3783310,,,,,141.50999,72992091,-0.009103,16426786,1,1,-0.002417
14593,20211013,AAPL,3783310,,,,,140.91,78699269,-0.00424,16426786,1,1,0.003023
14593,20211014,AAPL,3783310,,,,,143.75999,69868960,0.020226,16426786,1,1,0.017063
14593,20211015,AAPL,3783310,,,,,144.84,67882736,0.007513,16406397,1,1,0.00746
14593,20211018,AAPL,3783310,,,,,146.55,85520711,0.011806,16406397,1,1,0.003375
14593,20211019,AAPL,3783310,,,,,148.75999,76319203,0.01508,16406397,1,1,0.007393
14593,20211020,AAPL,3783310,,,,,149.25999,58349082,0.003361,16406397,1,1,0.003664
14593,20211021,AAPL,3783310,,,,,149.48,61372242,0.001474,16406397,1,1,0.002996
14593,20211022,AAPL,3783310,,,,,148.69,58844524,-0.005285,16406397,1,1,-0.001073
14593,20211025,AAPL,3783310,,,,,148.64,50665802,-0.000336,16406397,1,1,0.004748
14593,20211026,AAPL,3783310,,,,,149.32001,60856608,0.004575,16406397,1,1,0.00182
14593,20211027,AAPL,3783310,,,,,148.85001,56018893,-0.003148,16406397,1,1,-0.005052
14593,20211028,AAPL,3783310,,,,,152.57001,99895443,0.024992,16406397,1,1,0.009829
14593,20211029,AAPL,3783310,,,,,149.8,124788972,-0.018156,16406397,1,1,0.001949
14593,20211101,AAPL,3783310,,,,,148.96001,74546510,-0.005607,16406397,1,1,0.0018
14593,20211102,AAPL,3783310,,,,,150.02,69163103,0.007116,16406397,1,1,0.00368
14593,20211103,AAPL,3783310,,,,,151.49001,54477748,0.009799,16406397,1,1,0.006461
14593,20211104,AAPL,3783310,,,,,150.96001,60372749,-0.003499,16406397,1,1,0.004182
14593,20211105,AAPL,3783310,1232,0.22,0,0,151.28,65983920,0.003577,16406397,1,1,0.003733
14593,20211108,AAPL,3783310,,,,,150.44,55011077,-0.005553,16406397,1,1,0.000888
14593,20211109,AAPL,3783310,,,,,150.81,56749294,0.002459,16406397,1,1,-0.003499
14593,20211110,AAPL,3783310,,,,,147.92,65116587,-0.019163,16406397,1,1,-0.008226
14593,20211111,AAPL,3783310,,,,,147.87,41008899,-0.000338,16406397,1,1,0.000551
14593,20211112,AAPL,3783310,,,,,149.99001,63758763,0.014337,16406397,1,1,0.007223
14593,20211115,AAPL,3783310,,,,,150,59227893,0.000067,16406397,1,1,-0.000011
14593,20211116,AAPL,3783310,,,,,151,59211851,0.006667,16406397,1,1,0.003865
14593,20211117,AAPL,3783310,,,,,153.49001,88679848,0.01649,16406397,1,1,-0.002602
14593,20211118,AAPL,3783310,,,,,157.87,137733097,0.028536,16406397,1,1,0.003385
14593,20211119,AAPL,3783310,,,,,160.55,117117845,0.016976,16406397,1,1,-0.001399
14593,20211122,AAPL,3783310,,,,,161.02,117335030,0.002927,16406397,1,1,-0.003197
14593,20211123,AAPL,3783310,,,,,161.41,95930202,0.002422,16406397,1,1,0.001657
14593,20211124,AAPL,3783310,,,,,161.94,69284846,0.003284,16406397,1,1,0.002294
14593,20211126,AAPL,3783310,,,,,156.81,76877971,-0.031678,16406397,1,1,-0.022725
14593,20211129,AAPL,3783310,,,,,160.24001,88631503,0.021874,16406397,1,1,0.0132
14593,20211130,AAPL,3783310,,,,,165.3,173817074,0.031578,16406397,1,1,-0.018961
14593,20211201,AAPL,3783310,,,,,164.77,152282885,-0.003206,16406397,1,1,-0.011815
14593,20211202,AAPL,3783310,,,,,163.75999,136615294,-0.00613,16406397,1,1,0.014194
14593,20211203,AAPL,3783310,,,,,161.84,117977597,-0.011724,16406397,1,1,-0.008449
14593,20211206,AAPL,3783310,,,,,165.32001,107373083,0.021503,16406397,1,1,0.011731
14593,20211207,AAPL,3783310,,,,,171.17999,120301626,0.035446,16406397,1,1,0.020707
14593,20211208,AAPL,3783310,,,,,175.08,116839737,0.022783,16406397,1,1,0.003085
14593,20211209,AAPL,3783310,,,,,174.56,108871418,-0.00297,16406397,1,1,-0.007181
14593,20211210,AAPL,3783310,,,,,179.45,115291867,0.028013,16406397,1,1,0.009549
14593,20211213,AAPL,3783310,,,,,175.74001,153244744,-0.020674,16406397,1,1,-0.009136
14593,20211214,AAPL,3783310,,,,,174.33,139273210,-0.008023,16406397,1,1,-0.007471
14593,20211215,AAPL,3783310,,,,,179.3,130935345,0.028509,16406397,1,1,0.016348
14593,20211216,AAPL,3783310,,,,,172.25999,150252552,-0.039264,16406397,1,1,-0.008743
14593,20211217,AAPL,3783310,,,,,171.14,195885993,-0.006502,16406397,1,1,-0.010288
14593,20211220,AAPL,3783310,,,,,169.75,107442539,-0.008122,16406397,1,1,-0.011388
14593,20211221,AAPL,3783310,,,,,172.99001,91129037,0.019087,16406397,1,1,0.017778
14593,20211222,AAPL,3783310,,,,,175.64,92097909,0.015319,16406397,1,1,0.01018
14593,20211223,AAPL,3783310,,,,,176.28,68298084,0.003644,16406397,1,1,0.006224
14593,20211227,AAPL,3783310,,,,,180.33,74907225,0.022975,16406397,1,1,0.013839
14593,20211228,AAPL,3783310,,,,,179.28999,79118832,-0.005767,16406397,1,1,-0.00101
14593,20211229,AAPL,3783310,,,,,179.38,62323932,0.000502,16406397,1,1,0.001402
14593,20211230,AAPL,3783310,,,,,178.2,59723838,-0.006578,16406397,1,1,-0.00299
14593,20211231,AAPL,3783310,,,,,177.57001,64032815,-0.003535,16406397,1,1,-0.002626