Date,MKTRF,SMB,HML,RMW,CMA,REV,MOM
6/30/1963,100,100,100,100,100,100,100
7/31/1963,99.61,99.53,99.17,100.66,98.85,98.95,101
8/31/1963,104.660227,98.743713,100.826139,101.06264,98.4546,100.51341,102.0403
9/30/1963,103.0170614,98.26974318,101.0076261,100.2945639,98.69089104,100.4229479,102.2035645
10/31/1963,105.6233931,97.00206349,100.9066184,103.0526644,96.48021508,100.2120597,105.4127564
11/30/1963,104.7255942,96.18724616,102.6321216,102.5889275,98.62207586,100.2120597,104.6221607
12/31/1963,106.6420726,94.3693072,102.5089631,102.6607397,98.32620963,100.1920173,106.4007375
1/31/1964,109.0308551,94.44480265,104.1388556,102.8865933,99.80110277,100.2320941,107.5285853
2/29/1964,110.7099302,94.74702602,107.0859852,102.9483253,100.6494121,101.565181,107.7866539
3/31/1964,112.2709402,96.08295909,110.6412399,100.8790639,103.5984399,105.50591,108.5519391
4/30/1964,112.3832112,94.62249811,110.0327131,99.51719659,102.4795768,102.8471611,107.9006275
5/31/1964,113.9790528,93.97906512,112.2113608,99.25845187,102.7255278,102.7648833,110.6413034
6/30/1964,115.4265867,94.06364628,112.974398,98.84156638,102.8693435,102.2818884,111.1391893
7/31/1964,117.4350094,94.5621836,113.7426239,98.97994457,104.7621394,102.2716602,110.7168604
8/31/1964,115.7439452,94.84587016,113.8449923,99.03933254,105.1392831,101.5864401,110.5064983
9/30/1964,118.8574573,94.55184796,115.7234347,98.56394374,105.749091,105.3248211,110.075523
10/31/1964,119.5587163,95.38390422,117.0426818,98.2781083,106.2566866,104.5664824,110.1635834
11/30/1964,119.5587163,95.12636768,114.7252367,98.86777695,106.0866759,103.1757482,111.3533501
12/31/1964,119.594584,94.57463475,111.7997432,99.98498283,104.3574631,101.5249362,110.585012
1/31/1965,123.8282322,96.92954315,112.0009827,100.8248567,104.4722563,103.7381798,109.1695238
2/28/1965,124.3730765,100.137911,112.2473849,101.2281561,103.7513977,106.7673346,109.4970324
3/31/1965,122.7064772,102.1707106,113.4708814,100.9244716,104.5087829,107.4506456,109.6065295
4/30/1965,126.5226487,103.376325,114.2765247,101.1868753,102.1050809,107.6440567,112.3905353
5/31/1965,125.5484243,103.4280132,112.4138173,100.8023651,102.8198165,107.6655856,112.9974442
6/30/1965,118.6307061,98.9806086,113.0320933,100.923328,103.2413777,105.6414725,109.4719239
7/31/1965,120.3271252,100.0495992,115.4961929,99.50030906,103.2207295,107.321172,113.9602728
8/31/1965,123.6120557,102.7709483,114.3874295,101.5500154,102.446574,109.1241676,116.9004479
9/30/1965,127.1473605,103.4081282,114.273042,100.7173053,103.2866359,111.3721255,120.8399929
10/31/1965,130.4531919,106.9446861,116.0099923,101.9460564,102.5016575,112.4190235,125.0089727
11/30/1965,130.4140559,112.4951153,116.2536133,100.8654282,101.5791425,113.5656975,130.5343693
12/31/1965,131.7312379,115.4649864,118.5205587,99.57435075,101.1220364,113.315853,130.6518502
1/31/1966,132.6797028,120.9149338,122.6569262,96.75639662,101.051251,115.0269224,137.7201153
2/28/1966,131.0742784,126.7913995,122.9880999,96.61126202,99.59611296,116.5682831,144.0276966
3/31/1966,127.784314,127.0703406,120.4422463,97.86720843,99.58615335,117.3492906,145.9576677
4/30/1966,130.5188983,131.3399041,119.7918581,98.26846399,98.67991935,119.1329998,154.9778516
5/31/1966,123.1315287,124.536497,117.9350843,99.89972049,97.17998458,118.1322826,147.7093904
6/30/1966,121.3584347,126.2052861,118.5247598,99.95966032,97.95742446,119.8215743,152.5542584
7/31/1966,119.3802922,125.5742597,119.6625974,99.50984185,99.69127087,119.3303058,150.4337542
8/31/1966,109.9373111,121.7693596,120.2250117,99.55959677,100.4588937,121.9675056,147.259602
9/30/1966,108.7719756,120.3324811,120.8622042,97.91686342,102.970366,119.9550417,144.7120109
10/31/1966,112.9705738,112.4747701,124.3309495,94.35268959,107.3774977,120.0390103,137.2882847
11/30/1966,114.5521619,116.2651699,118.7857891,98.28719675,100.3657471,119.8589518,145.1549034
12/31/1966,114.7010797,118.4858346,117.3366025,98.95554969,100.2352716,120.2544863,146.7080609
1/31/1967,124.0492177,129.1495597,119.9414751,99.5690741,97.25828402,120.9038605,136.8052668
2/28/1967,125.0168016,133.0627914,117.3387451,101.5007141,96.34405616,123.5758358,141.6755343
3/31/1967,130.0049719,135.5909844,117.7024952,102.4142206,94.88926091,122.5130837,143.6873269
4/30/1967,135.0621654,136.214703,114.5951493,104.9028861,91.33091362,118.1271153,144.6069257
5/31/1967,129.2139736,139.4429914,115.5119105,103.0670856,92.80134133,117.7727339,145.5757921
6/30/1967,132.3280304,148.4510087,116.6208248,102.4074563,90.58338927,117.301643,154.3540124
7/31/1967,138.3886542,153.6171038,119.7112767,102.9297343,93.04725746,115.4130865,152.7024245
8/31/1967,137.1569951,154.7845938,121.4590613,103.3620392,94.35922379,115.7477845,150.5493203
9/30/1967,141.4225777,158.5922948,118.4590225,103.5894357,93.46281117,114.7986526,154.388328
10/31/1967,137.05262,159.3376786,114.4432617,104.4285101,91.07950948,115.2234077,160.0543796
11/30/1967,137.5597147,159.2420759,112.4862819,105.7756379,88.99378872,112.8498055,162.1190811
12/31/1967,141.755286,168.3984953,112.0475854,105.0986738,89.02048685,114.9375269,167.3555274
1/31/1968,136.0000214,175.9427479,117.3698457,100.2851545,94.76230825,121.8222847,159.5902309
2/29/1968,130.9000206,170.8228139,118.7430729,100.1447553,97.12188973,125.0262108,154.1482041
3/31/1968,131.1618206,168.2263072,118.0424888,101.316449,96.004988,121.950566,159.050117
4/30/1968,143.0319654,178.7404514,116.8266511,104.1431779,92.49120544,115.9749883,167.241198
5/31/1968,146.2930942,191.3059051,117.807995,104.5493363,90.8078655,113.8178535,173.4792947
6/30/1968,147.3025166,190.8085097,118.5973086,103.1588301,93.24151629,116.8795538,170.1484922
7/31/1968,143.2958881,188.2707566,125.0964411,100.0640652,96.60753503,124.2079018,168.7192449
8/31/1968,145.216053,192.5821569,126.3474055,99.4636808,96.99396517,125.1146195,171.8911667
9/30/1968,151.06826,197.9166826,126.6380045,97.44456808,97.88630965,125.2147112,170.7394959
10/31/1968,151.7027467,197.0656409,130.2978428,96.1777887,100.636915,128.5829869,168.1442555
11/30/1968,159.9402058,201.8149228,129.1251623,96.62020653,98.1008647,125.8184527,171.0531511
12/31/1968,153.6385617,209.0802601,129.1509873,94.90036685,99.71952896,124.5602682,171.2413096
1/31/1969,151.7180797,208.1184909,131.333639,93.4389012,101.1255743,127.4500664,170.9844476
2/28/1969,142.8577438,199.544009,132.5287751,95.46652536,101.9345789,130.3941629,166.7782302
3/31/1969,146.6291883,198.7258786,131.9191427,94.18727392,101.5064537,130.3680841,173.3659703
4/30/1969,148.7699744,197.0963264,131.9587185,94.54518556,101.5673576,130.4593417,175.3943522
5/31/1969,148.6212044,196.741553,132.9220171,93.62809726,103.0807112,132.2335888,178.3409773
6/30/1969,137.950202,185.9404418,131.4731671,97.6166542,101.4829602,134.1509758,174.3639735
7/31/1969,128.2936878,179.6742489,133.3400861,98.98328736,103.4821745,138.16209,177.2235427
8/31/1969,134.2978324,180.949936,128.1798248,100.1314935,99.26010176,131.7375528,181.0161265
9/30/1969,130.295757,183.2841902,124.0908884,103.5559906,98.43624291,130.275266,185.5958345
10/31/1969,136.8887223,190.4139452,120.132389,103.5663462,96.43798718,127.9303112,177.5780944
11/30/1969,131.7006397,185.8249691,118.7869063,105.0577016,96.74658874,127.2778666,183.9709058
12/31/1969,128.2369129,178.9494453,115.1995417,107.6526268,94.77295833,127.3924167,193.2614366
1/31/1970,117.849723,184.4789831,118.7016078,105.7471753,98.4880583,132.6027665,194.4789836
2/28/1970,123.8954137,179.7194254,123.4971527,103.3361397,101.5017929,134.8172327,194.7123584
3/31/1970,122.5821224,175.4061592,128.7457817,102.4371153,105.9983223,141.8007654,194.1476926
4/30/1970,109.0980889,164.3555711,136.9855117,101.7815177,112.2310237,151.4432174,192.7304144
5/31/1970,101.5485011,157.0910549,141.9169902,100.458358,116.2937867,157.4100802,187.4688741
6/30/1970,95.66884293,153.682179,143.151668,100.6492289,119.6663065,162.4629438,198.304575
7/31/1970,102.2986937,152.621772,144.525924,100.5787744,121.9399664,165.0948435,192.4744205
8/31/1970,106.8919051,154.9721472,146.014541,101.1520734,121.7570564,163.7575752,179.9635832
9/30/1970,111.3599867,168.1292826,137.8669296,101.3948384,114.536863,151.1482419,163.9108316
10/31/1970,108.820979,160.5634648,138.2391703,103.250364,117.2628403,152.2062796,179.6626625
11/30/1970,113.8267441,154.1409262,140.4924688,105.0572453,119.1273195,155.0981989,184.8549134
12/31/1970,120.3376338,158.7959822,141.9114427,105.2043255,119.460876,156.897338,180.8065908
1/31/1971,126.1619753,170.7691993,143.8698206,102.9003507,119.2936307,158.199586,168.6744686
2/28/1971,127.9408592,174.2699679,142.0139,103.569203,118.4347166,157.8199069,170.0407318
3/31/1971,133.2248166,178.0167722,136.2765384,105.6095163,115.2488227,154.4899069,167.9832389
4/30/1971,137.4213984,177.3581101,137.2577295,103.9620079,116.0786142,157.5333581,170.2006177
5/31/1971,131.9520267,175.2830202,135.3635728,105.4798532,116.4268501,156.4778846,171.7154032
6/30/1971,131.8200747,172.7414164,132.5750832,107.083147,114.4010229,154.9913447,176.3860621
7/31/1971,125.8881713,170.3057625,132.8004608,107.5971461,116.2543195,150.6050896,172.2057125
8/31/1971,130.659333,169.9992121,136.3462332,107.2313158,119.2769318,153.4063443,178.250133
9/30/1971,129.5487287,170.3222106,132.3103846,110.0086068,117.4162116,150.6296895,181.9755607
10/31/1971,123.8226749,167.5118941,131.74145,111.6367342,115.9602506,150.5393116,182.8126483
11/30/1971,123.2530906,162.6540492,129.5018453,114.3718342,115.5427937,149.1995118,185.5182755
12/31/1971,133.9884348,167.9728366,129.0485889,113.8800353,113.4283606,150.3035882,184.2567512
1/31/1972,137.3247468,178.6055171,131.6166558,112.1946108,113.7573028,154.8277262,184.6989674
2/29/1972,141.265967,180.3022696,127.9840361,114.0458219,113.1657648,152.7065863,189.6858396
3/31/1972,142.1559426,179.4187884,125.7699123,115.8477459,112.9507499,150.217469,195.2056975
4/30/1972,142.5681948,179.6879166,126.0591831,115.1642442,111.9454882,149.8869905,200.8666627
5/31/1972,144.3502973,174.0277473,122.6681911,117.8475711,109.8744967,147.4438326,207.2542226
6/30/1972,140.8425851,173.4186501,119.5892195,119.9099035,109.4789485,145.8956723,211.2127783
7/31/1972,139.7158444,168.6669791,120.5220154,121.2049305,108.8330227,145.4871644,217.0000084
8/31/1972,144.2705809,162.7130348,126.1744979,118.7565909,112.0435969,149.9536204,205.3905079
9/30/1972,142.6258963,159.0519915,126.767518,120.739826,109.8251337,147.9142512,209.0053809
10/31/1972,143.3675509,155.0279761,128.504233,120.5949382,109.7702211,148.3136196,210.5938218
11/30/1972,149.9624583,154.2063278,134.6210345,118.2071584,113.4475235,150.4345044,199.7692993
12/31/1972,150.8922255,151.3997727,131.565137,121.2805445,110.951678,146.9745108,209.7178104
1/31/1973,145.9278713,147.175719,135.0910827,121.7656667,111.9724334,147.0039057,217.4983412
2/28/1973,138.8503695,141.2739727,137.3876311,121.3516634,111.9612362,146.7098979,222.109306
3/31/1973,137.0453147,138.0105439,141.2070073,120.0532006,112.7785532,148.2210098,230.1496629
4/30/1973,129.2611409,133.8702276,149.241686,118.0963335,115.834852,151.9413572,244.9022563
5/31/1973,125.4608633,125.864788,149.5550935,120.4818794,113.7614081,148.2643763,262.2658263
6/30/1973,123.5036739,122.6678224,151.7086869,120.1565783,114.0116832,147.5971866,273.59571
7/31/1973,129.7406094,131.5735063,143.5922721,120.0364218,110.066879,148.1728157,241.6123715
8/31/1973,124.7845181,129.2709699,145.2148648,118.4039264,111.3876815,148.6914205,249.8755146
9/30/1973,130.7117827,133.8471622,148.3950703,115.6806361,113.4149373,157.2411772,232.3092659
10/31/1973,129.6268749,133.4857749,150.9919841,113.4364318,116.3523842,161.1407584,247.9669104
11/30/1973,113.0994484,123.7947076,157.1675562,110.3623045,118.09767,157.3861787,269.3664548
12/31/1973,113.789355,118.1001511,163.611426,107.2721599,120.8139164,161.5096966,297.3536294
1/31/1974,113.5959131,130.3943768,173.3953893,104.0432679,126.2022171,173.9782452,271.1270393
2/28/1974,113.0620123,130.6030078,177.8343113,102.0352329,129.5718163,181.929051,271.5066172
3/31/1974,109.8849698,134.0509272,177.6386935,104.9126264,130.0382748,181.6197716,268.8187017
4/30/1974,104.0720549,133.2064064,179.4683721,107.9131275,132.4309791,183.9263427,274.1950757
5/31/1974,99.20148269,128.9970839,175.7533768,113.3951144,132.417736,178.4085524,273.4821685
6/30/1974,96.39408073,128.9712845,177.1066778,114.0981641,136.4564769,175.2864028,279.9636959
7/31/1974,88.63435724,131.5378131,186.209961,110.378564,142.7061835,181.12344,288.3906032
8/31/1974,80.34704483,131.9324265,190.86521,110.0915797,146.3451912,184.7096841,297.0423212
9/30/1974,70.89019766,133.85864,201.34371,105.3796601,154.994192,186.1688906,309.8745495
10/31/1974,82.30351948,124.6893231,181.2294734,105.3480462,150.4373628,177.2514007,308.3251768
11/30/1974,78.59163075,122.8937969,180.9395063,101.7767474,154.875265,177.4818276,315.0466656
12/31/1974,75.88021949,117.5356273,180.9395063,101.1151986,159.877736,170.4712954,324.3405423
1/31/1975,86.24545747,132.5684341,196.2108006,100.2152733,158.5027875,195.1896332,279.2896409
2/28/1975,91.04070491,131.7067392,187.2635881,101.367749,155.1108279,195.6190504,277.7535479
3/31/1975,93.46238766,136.9486675,191.9264514,102.6145723,153.1719425,204.8522696,272.2262523
4/30/1975,97.41584666,136.1406703,189.7960678,104.0203919,151.1041213,200.7757094,275.8740841
5/31/1975,102.4717291,140.0751357,182.1662659,102.9281778,150.1823861,205.052232,274.5774759
6/30/1975,107.4211136,141.9241275,184.5708606,100.2314595,151.7893377,210.0350012,274.7422224
7/31/1975,100.3420622,146.7779326,187.7085652,100.6624548,153.5956308,211.6522708,275.8961397
8/31/1975,97.48231345,142.6828283,186.0191881,101.6992781,152.2286297,206.7207728,275.5374747
9/30/1975,93.3295669,142.7113649,186.6516534,102.2382843,152.9897728,203.7026496,276.4191947
10/31/1975,98.2853669,136.6746741,187.2116083,101.7679882,156.4626407,205.1489384,276.0322078
11/30/1975,100.8801006,135.2122551,190.9371193,101.1370266,159.1381518,209.6006703,274.7900629
12/31/1975,99.26601898,135.1716915,194.2785189,101.0156622,160.0929807,208.9299482,274.4603148
1/31/1976,111.3367669,143.7550939,210.9476159,99.09636462,163.8711751,228.2559684,286.7012448
2/29/1976,111.6930445,155.2123748,223.140388,96.53967841,170.1638282,239.3720341,287.7333693
3/31/1976,114.2843232,153.132529,223.0511319,96.17282763,172.0186139,240.2337734,288.2800627
4/30/1976,112.5814868,153.3469146,222.9173012,96.54790166,170.1264092,235.8374953,289.721463
5/31/1976,111.0728948,151.6294291,219.9747928,98.93263483,167.7106142,227.8190205,286.5345269
6/30/1976,115.5713471,149.9160166,221.4706214,98.34893229,169.2703229,231.6235981,285.3024285
7/31/1976,114.3347337,150.8454959,225.3242102,97.27692893,169.7612068,232.7585538,284.9600655
8/31/1976,113.6944592,147.7833323,227.1042715,96.82945505,168.7596157,233.2706226,282.537905
9/30/1976,116.0479345,147.9606723,226.4456691,97.78806666,166.8357561,232.0109612,283.215996
10/31/1976,113.2395744,148.1974094,226.1739343,97.57293291,166.3018817,228.4843946,281.8565592
11/30/1976,113.6472369,152.1394605,229.6117781,96.21666914,166.418293,231.2033589,290.0303994
12/31/1976,120.0683058,157.6164811,234.6861984,95.6201258,170.1294209,237.5383309,292.2636335
1/31/1977,115.2055394,166.9158534,244.6838305,95.11333913,173.4129187,239.6286683,303.8957261
2/28/1977,112.9705519,168.7686194,245.9072496,94.98969179,173.0834342,236.0582011,304.9593611
3/31/1977,111.4228554,170.9457346,248.4155036,94.68572477,172.9276591,233.9100715,306.453662
4/30/1977,111.5899897,171.9885036,257.0355215,92.74466742,174.8990344,234.4480646,319.3860065
5/31/1977,109.9719348,174.1899564,259.1946199,93.05072482,175.0914234,234.8700711,325.8056653
6/30/1977,115.151613,177.7956885,257.5357743,93.8695712,172.955308,242.6442705,331.5724255
7/31/1977,113.2055507,181.0315701,256.0163133,94.64868864,172.9726035,246.1868769,332.6003001
8/31/1977,111.2244536,182.642751,248.8734581,95.55731605,171.9001734,254.6310867,326.6800147
9/30/1977,110.9241475,185.4919779,247.6539782,96.73267104,170.4562119,256.2607257,333.409623
10/31/1977,106.0656699,188.2743576,251.9136266,96.44247302,169.6721133,253.3393534,332.9761905
11/30/1977,110.3082967,195.0898894,252.6945589,96.39425179,170.7749821,261.5728824,340.2683691
12/31/1977,110.6061291,198.2113276,251.759589,97.30035775,169.6649447,256.9430424,345.5765556
1/31/1978,103.9587007,203.5432123,260.0928314,95.67544178,172.2608184,260.6173279,343.0884044
2/28/1978,102.5240706,211.0132482,262.0695369,96.01987337,174.0523309,258.5063275,349.6070841
3/31/1978,105.4460067,218.862941,265.2143713,95.44375413,177.3245147,260.4192744,354.3967012
4/30/1978,113.755152,218.1844659,255.8257826,98.135268,174.9306337,265.6016179,357.4090731
5/31/1978,115.7572426,228.1336775,254.2396628,98.40023322,175.560384,265.2297756,367.5952317
6/30/1978,113.8009452,231.761003,255.7396768,96.98326986,175.5252719,265.5215284,377.8143792
7/31/1978,119.6161736,232.1086445,252.9009663,98.51560552,174.1561748,267.0350011,393.758146
8/31/1978,124.1017801,243.5516007,251.7376219,99.88497244,174.8876308,265.6731226,404.8621257
9/30/1978,122.3271246,242.8696562,256.4451154,99.20575463,178.0356081,263.8399781,392.2709136
10/31/1978,107.7579641,218.4612558,259.932769,99.37440441,179.8693749,263.7344421,359.3593839
11/30/1978,110.6782049,224.6874016,254.1622615,100.4575854,177.6929554,261.65094,379.1960219
12/31/1978,111.6521731,227.0915568,248.596108,102.4265541,175.2407927,262.3050673,390.7615006
1/31/1979,116.37506,235.8118725,254.2392397,99.86589024,177.9920731,260.2853183,385.916058
2/28/1979,112.2321079,237.1088378,257.2901105,98.72741909,179.8431907,262.7580288,381.8253478
3/31/1979,118.6068916,244.6014771,255.5662668,99.33952909,180.3467516,261.8120999,392.8219178
4/30/1979,118.5357275,250.4719126,258.2497126,100.3825941,180.7254798,260.7910327,396.0037753
5/31/1979,115.9160879,250.8476204,261.6586088,98.98727609,180.0929406,262.7469655,393.7465538
6/30/1979,120.3788573,253.3310119,265.5311562,97.39358094,179.2825224,255.6265227,396.9752755
7/31/1979,121.3659639,256.4723164,270.0451859,97.19879378,180.3402892,250.5139923,392.648245
8/31/1979,128.0775017,261.5248211,265.8594855,98.73453472,177.725355,246.230203,391.7451541
9/30/1979,127.0272662,260.818704,263.546508,99.74162698,178.685072,246.4271872,412.6643453
10/31/1979,116.7380576,251.7943769,258.6445429,100.7789399,179.1139161,250.0496668,421.4128294
11/30/1979,122.8201104,257.9381597,250.2385953,100.8897967,175.5316378,244.3985443,454.9572906
12/31/1979,125.0185904,269.1326758,245.2838711,100.2138351,173.7587683,243.5920291,476.7042491
1/31/1980,131.9071147,274.2461966,249.6989808,98.54026405,177.2513195,241.3266233,512.5047382
2/29/1980,130.2978479,270.1599283,251.2471144,98.64865834,182.6220345,241.133562,552.8901116
3/31/1980,113.4894256,251.3297813,248.583895,100.0100098,180.1748992,247.4030346,499.8679499
4/30/1980,117.9949558,253.8430791,251.2188843,97.91980062,181.1478437,247.1061509,497.7685045
5/31/1980,124.2014904,259.1737838,252.198638,98.223352,180.2964488,248.9841577,492.2432741
6/30/1980,128.002056,262.9836384,249.9540701,98.13495098,178.5836326,241.7885155,500.0699422
7/31/1980,136.3093895,273.3188954,234.2069637,102.0014681,174.1904752,237.8715416,501.920201
8/31/1980,138.7629585,284.9622803,228.0238998,104.1434989,172.7969514,234.232107,517.9314554
9/30/1980,141.8018673,286.6150616,217.101555,106.2576119,167.9413571,230.0627755,546.1069265
10/31/1980,143.3049671,293.2931925,211.1529724,108.032114,165.8924725,223.5519989,586.0819536
11/30/1980,157.0479134,283.321224,193.5216992,112.9259688,156.3702446,206.114943,675.4008433
12/31/1980,149.9493477,282.4429282,198.7080808,111.5143942,158.2154135,213.1434626,630.4866872
1/31/1981,142.3919006,291.9612548,212.2997135,107.5667846,165.097784,229.3423657,580.4260442
2/28/1981,143.2035344,290.5306447,214.3590207,107.7711615,168.8124841,235.282333,572.3581222
3/31/1981,148.3015803,299.4789885,215.7952261,105.2493163,167.9177779,238.9527374,576.5363365
4/30/1981,145.1724169,313.255022,220.6721983,106.1123607,169.9327913,245.6912046,571.0592413
5/31/1981,145.3321066,320.9297701,219.7233078,106.4625315,167.2138666,249.6222639,592.4739629
6/30/1981,141.9022689,317.8167513,230.9951135,105.0252873,171.6951982,252.0186376,557.5179991
7/31/1981,139.7169739,311.5557613,229.4705457,106.1595605,166.4756642,243.1727834,543.4685455
8/31/1981,129.880899,305.916602,240.5769202,105.8941616,168.9062089,246.2853951,537.3816978
9/30/1981,120.5684385,298.2992786,253.08692,105.8729827,173.6186921,259.01835,547.9681172
10/31/1981,126.5004057,304.9811825,242.4319607,109.3562038,168.8268162,246.300549,570.2704196
11/30/1981,130.7508193,300.7724421,247.0381679,109.4655601,169.8904252,247.7290922,568.7877165
12/31/1981,125.9784144,304.3516342,248.8662504,109.6735446,173.9847844,251.0982078,576.2957144
1/31/1982,121.8967138,300.7602849,256.7553105,108.0065067,177.6036679,267.193603,586.2656302
2/28/1982,114.7535663,301.873098,272.4173844,104.3558868,185.7201556,283.064903,615.5789117
3/31/1982,112.6076747,301.873098,282.7147616,102.853162,190.1217232,294.5007251,633.6153738
4/30/1982,116.2899456,305.3446386,274.8552912,104.4062448,189.8365407,289.4058625,631.0175508
5/31/1982,111.6499768,307.0545686,279.830172,105.3563416,189.6656878,294.0652969,647.1084983
6/30/1982,108.1999925,305.4885903,284.1395566,105.3879485,194.8245945,299.7113506,679.4639233
7/31/1982,104.7484127,308.3907319,284.565766,106.4734444,197.8248932,306.7845385,709.8359606
8/31/1982,116.4173859,295.1607695,287.8667288,104.3865649,198.180978,303.7166931,684.8497348
9/30/1982,117.9191702,302.7464013,288.8454757,106.5995601,198.1017056,302.3195963,713.4079688
10/31/1982,131.2440364,308.5591322,278.2159622,106.9193587,197.3687293,299.4777921,713.6219912
11/30/1982,137.3731329,322.5368609,272.7629294,105.7967055,198.0003093,302.5624134,755.6543264
12/31/1982,138.1286852,322.5046072,272.7902057,105.7226478,200.0397125,305.7393187,755.8054573
1/31/1983,143.1013178,333.0827583,270.4442099,104.1368081,199.1195298,306.045058,742.9567645
2/28/1983,146.807642,342.7421583,272.2561861,103.5432283,201.150549,304.7290643,771.4120086
3/31/1983,150.9476175,347.6090969,277.8918891,103.470748,206.8028794,307.5935175,778.5861403
4/30/1983,161.0158236,349.3123815,279.5592405,103.3051948,210.1117255,317.4672694,792.6006908
5/31/1983,161.8531058,371.0396116,275.6454111,101.3940487,206.8970161,310.8956969,779.9983398
6/30/1983,166.8219962,375.3065672,264.9779337,103.9491787,205.0556326,308.0354565,793.8823103
7/31/1983,160.0323409,378.9845715,279.8696936,103.917994,210.8792126,311.3314359,769.033794
8/31/1983,159.2321792,362.5366411,295.4024616,104.3856249,214.9913573,311.6739005,727.1983556
9/30/1983,160.6811921,363.4429827,298.6223484,105.648691,216.2598063,314.0426221,726.4711572
10/31/1983,155.1537591,349.5594608,313.7326392,104.7929366,222.6827225,317.6855165,693.3440724
11/30/1983,158.5050803,356.1311786,311.7874969,104.2899305,224.1078919,313.3014564,692.7200628
12/31/1983,155.6836898,354.4573621,316.9943481,105.9481404,226.8195974,317.4370356,697.8461912
1/31/1984,152.694563,354.2092419,341.1810168,104.9628227,233.6241853,330.9598533,680.4698211
2/29/1984,145.334685,348.4710522,352.644699,105.8235178,237.2920851,331.721061,681.7627137
3/31/1984,146.2502936,347.4953333,354.3373935,104.8393591,239.8785688,334.0762805,689.1939273
4/30/1984,145.5044171,343.9856304,358.9083459,108.2676062,241.7016459,328.7644677,703.3224028
5/31/1984,136.8178034,344.2608189,359.8415076,110.7794146,240.4931377,328.1069387,714.0129034
6/30/1984,139.3078874,344.5018015,350.4856284,114.1914206,236.8616913,316.2294675,709.014813
7/31/1984,135.4908513,336.8538615,352.203008,118.405084,231.7217926,311.0433043,729.7889471
8/31/1984,149.4193108,335.8432999,345.6872524,117.3512788,229.8448461,305.6933594,688.263956
9/30/1984,148.2239563,335.8432999,364.0778142,118.9941967,235.6599207,311.0735626,713.5232432
10/31/1984,146.9788751,331.0407407,365.934611,120.3864288,232.9262656,305.5675605,736.4273393
11/30/1984,144.3920469,327.7965415,380.8647432,121.3615589,237.7711319,308.7149064,748.946604
12/31/1984,147.0488605,325.5347453,380.2172731,122.8300337,234.7752157,299.1756158,760.4803817
1/31/1985,158.7980645,336.8959079,359.5714752,121.8105444,226.8867684,293.5511142,708.0072354
2/28/1985,160.7354009,340.264867,359.1399894,123.3453573,229.2237021,293.3749835,720.8929671
3/31/1985,159.3852235,335.228947,373.864729,124.8008325,235.962879,291.2920211,733.0039689
4/30/1985,157.8551254,334.893718,387.8098834,126.7851657,237.6382154,291.4376672,755.4338904
5/31/1985,165.8899512,327.0906944,384.4747184,128.4333729,234.3350442,279.8675918,785.651246
6/30/1985,167.9967536,328.2355118,386.2433021,130.6038969,232.9524675,273.1787563,814.1703862
7/31/1985,166.7535776,337.7215181,379.9475362,130.0161794,232.2303148,277.7135237,782.092073
8/31/1985,165.0526911,336.6408093,388.6103401,129.9641729,236.5962447,277.9912372,796.3261487
9/30/1985,157.559299,330.5476106,393.7399966,131.4717573,240.4054443,275.7117091,808.1117757
10/31/1985,163.8931828,325.4241227,396.8111685,132.6812975,237.7369438,268.9016299,847.5476304
11/30/1985,174.513461,325.4241227,385.422688,133.0660732,232.197673,262.4748809,844.1574399
12/31/1985,181.2845833,324.1549686,379.5257209,134.3568141,228.0181149,254.2069221,843.0600352
1/31/1986,182.4629331,327.4289338,381.5372072,131.6428065,223.3437436,247.0128663,868.0146122
2/28/1986,195.4725402,324.9404739,377.9507574,133.1566988,220.2392655,237.9227928,892.1454184
3/31/1986,205.0116002,323.0883132,376.2877741,134.6480538,222.4196343,232.6409068,914.0029812
4/30/1986,202.3259482,332.5224919,365.5635725,138.5663122,222.4641182,229.9190082,909.4329663
5/31/1986,211.6734071,328.3327085,365.1614526,141.4484915,224.9334699,226.7461259,927.8035122
6/30/1986,213.8536431,325.476214,370.2737129,144.0369988,226.8903911,212.2343738,975.6781734
7/31/1986,200.0600832,313.954356,387.9727964,143.215988,228.2744225,203.8298926,993.2403806
8/31/1986,212.2037302,300.2659461,401.6294389,140.7240298,235.6705138,213.5118125,943.4790375
9/30/1986,193.9542094,306.1811852,414.441418,140.6536678,244.2017864,221.7533685,888.1911659
10/31/1986,202.9924756,299.0471636,408.9707912,140.8365175,246.3751823,223.2612914,912.0835083
11/30/1986,205.3674875,293.4250769,408.7254088,142.4138865,247.8780709,223.5961833,909.164841
12/31/1986,198.6519707,293.6304745,410.2376928,143.5959218,247.8037075,224.8259623,912.8015004
1/31/1987,223.4238714,289.1966543,397.1921341,143.8831136,245.102647,231.9754279,931.9703319
2/28/1987,233.2321794,299.0582602,373.4003253,142.5881656,238.337814,231.6970574,911.7465757
3/31/1987,237.0571871,299.6862826,379.5987707,144.5273646,247.9428279,241.4746732,926.3345209
4/30/1987,232.0552805,295.0411452,378.3460948,143.8625388,250.9677304,250.868038,928.7429907
5/31/1987,232.3105413,293.3004024,378.8379447,144.610624,254.2805044,256.4122216,922.4275383
6/30/1987,241.4635766,286.5838232,382.8915107,147.1123878,256.3910326,252.6173208,920.5826833
7/31/1987,250.7599243,283.4027428,385.4185947,146.3768258,260.3907327,258.5033043,945.1622409
8/31/1987,259.5866737,280.8521181,381.9498273,149.3482754,256.2505201,250.6189536,936.9393294
9/30/1987,252.8633788,281.8912709,383.0192868,148.0041409,261.0936549,258.3881411,943.5915986
10/31/1987,194.0979296,259.0862671,399.2210027,150.9790241,267.3337933,243.3757901,869.425299
11/30/1987,179.0165204,266.4184085,411.7565422,148.0802269,269.2318632,242.5239749,859.5138506
12/31/1987,191.2075455,266.658185,393.2686734,152.5374417,262.8779912,249.5329177,909.6235081
1/31/1988,199.2573832,265.2182308,413.246722,150.8290224,268.3721412,245.3158114,840.6740462
2/29/1988,208.7221089,274.0234761,406.4281511,153.1819551,268.0769319,249.0691433,827.7276659
3/31/1988,203.984117,291.1773457,409.4357194,152.936864,273.1972013,252.08288,832.9423501
4/30/1988,205.126428,294.438532,416.3551831,152.5851092,278.3879481,253.2676695,851.683553
5/31/1988,204.5315614,286.812574,425.9313523,151.5170134,279.4458223,252.9890751,857.1343278
6/30/1988,214.3286232,293.0937694,421.3738868,153.668555,270.3638331,257.6187751,832.1917188
7/31/1988,211.6495154,292.5955099,430.9390741,152.7619105,274.2570723,254.1151598,837.4345267
8/31/1988,204.6439164,292.5369908,439.6871373,151.6314724,279.0017196,249.0328566,840.1980606
9/30/1988,211.3971657,288.7047563,436.6972647,154.2546969,277.6346112,244.2016192,842.1305161
10/31/1988,213.8282331,280.187966,444.164788,156.4142626,280.5497746,243.9329974,853.1624259
11/30/1988,208.9315665,275.5368457,449.6724313,155.9763027,285.038571,241.9327468,856.7457081
12/31/1988,212.0446469,281.0751363,442.7025086,156.9589534,283.9839283,243.8198222,860.3440401
1/31/1989,224.9793704,274.8071608,444.9602914,155.3422762,284.4383026,250.8662151,859.1395584
2/28/1989,219.9173345,282.144512,448.831446,154.0840038,289.8426303,253.1490977,867.2154702
3/31/1989,223.3700367,284.2888103,450.8960706,154.0840038,292.1323871,253.5541362,898.088341
4/30/1989,233.0419593,282.2987886,444.3580776,155.2396338,290.5548722,250.7143299,913.266034
5/31/1989,240.8488649,282.2705587,440.7143414,156.015832,290.4677058,246.376972,927.5129841
6/30/1989,237.5974052,279.2220367,450.3659854,156.3590668,294.8828149,244.5537824,933.3563159
7/31/1989,254.7044184,267.9135442,437.620628,159.4393404,293.0840297,240.1273589,983.8508926
8/31/1989,258.372162,269.0655724,440.9465448,159.9814342,291.6186096,240.4635372,982.3751162
9/30/1989,256.4085336,270.249461,434.9937665,162.1571817,293.3391594,233.7065118,1015.77587
10/31/1989,246.9983404,261.223129,430.3393332,162.1733974,293.3684933,225.3398187,1029.590422
11/30/1989,249.5424233,257.7749837,425.4334648,160.6003154,297.6810101,222.523071,1056.153855
12/31/1989,252.4371154,251.8203815,426.4545051,160.5039552,301.9676167,220.6316249,1085.620547
1/31/1990,232.6208019,248.4711705,430.0793684,158.6902605,305.9535892,227.8242159,1050.012194
2/28/1990,235.2028928,251.4279774,432.7888684,158.37288,303.9954862,232.152876,1044.447129
3/31/1990,239.5071057,255.576539,420.2812701,161.8254088,300.8643327,231.8278619,1061.576062
4/30/1990,231.4596669,254.5797905,409.5640977,164.6088058,297.9459487,229.2313899,1087.37236
5/31/1990,250.9485709,248.4953335,394.3283133,167.2919294,293.2681973,231.4320112,1120.537217
6/30/1990,248.2132315,251.8997196,386.6389112,165.5353641,292.2710854,228.0531039,1147.766271
7/31/1990,243.4971801,243.6877887,386.8708945,165.1049722,301.3314891,223.9253427,1215.943588
8/31/1990,218.7822163,234.3301776,392.9447676,164.3950208,310.3413006,227.418578,1237.344195
9/30/1990,205.3927447,225.4959299,395.8525588,164.1484283,321.8549629,228.9650243,1306.140532
10/31/1990,201.449204,214.0181871,396.9213607,168.7938288,320.2778736,220.8138695,1394.04379
11/30/1990,214.2412284,213.8897762,384.1008008,170.1948175,305.0646746,219.3785793,1315.698529
12/31/1990,219.5115626,215.1731149,378.1856485,175.0283504,298.9633811,214.2889963,1315.961669
1/31/1991,229.8066549,223.4787971,370.8866654,177.7587926,286.7656751,227.4891985,1229.76618
2/28/1991,246.3297534,232.3509053,368.8097001,177.3143957,286.30685,229.9915796,1171.352286
3/31/1991,252.8574919,241.2731801,364.3471027,176.6583324,283.4724122,229.5085973,1203.681609
4/30/1991,252.1494909,242.0452543,369.593701,177.5769557,285.4850664,226.8003959,1174.793251
5/31/1991,261.3529473,242.4325267,367.2652607,181.3060718,278.4906822,229.8395212,1173.735937
6/30/1991,248.4421117,242.8689052,371.5622643,184.478928,280.2451735,225.9552333,1179.135122
7/31/1991,258.9760573,240.5616506,366.917736,187.4305909,276.2937166,227.7628751,1230.309586
8/31/1991,264.9843018,244.0497946,364.0557776,189.061237,274.7741011,226.8290474,1250.363632
9/30/1991,260.7710514,247.8325664,360.4152198,185.6392286,275.2137397,225.0370979,1271.994923
10/31/1991,264.134998,250.1621925,358.8654344,182.42767,274.4156199,230.1679437,1312.95316
11/30/1991,253.0677415,247.9857814,351.9393315,184.3614033,274.7449186,223.9994428,1329.49637
12/31/1991,280.5002847,241.9845255,337.7561765,190.9431054,266.1728771,221.916248,1439.844568
1/31/1992,278.845333,264.3922926,352.98898,188.4035621,274.5573228,242.9095251,1403.70447
2/29/1992,281.8847472,267.9880278,375.474378,188.610806,280.1582922,256.0995123,1395.562984
3/31/1992,274.3866129,265.5761355,389.1791928,188.4221952,285.5653472,259.6080756,1390.538957
4/30/1992,277.3225497,250.3586229,405.952816,191.6065303,291.9048979,261.581097,1355.219267
5/31/1992,278.1545173,250.9094119,411.1490121,189.7287863,293.160089,260.3516658,1356.981053
6/30/1992,271.6457016,244.1097669,425.1280785,189.6339219,296.2969019,263.7102023,1348.703468
7/31/1992,281.8867446,242.5962863,422.9174125,192.2887968,294.1635642,260.2819697,1368.124798
8/31/1992,275.17784,241.5773819,418.8151136,199.4611689,289.3981145,249.6364371,1361.147362
9/30/1992,278.4524563,242.7852688,417.8518388,202.712386,287.9511239,249.8361463,1380.611769
10/31/1992,281.2926714,247.7138098,409.4948021,205.347647,285.6475149,247.0879487,1418.026348
11/30/1992,292.9100587,257.4241911,403.6390264,203.7664701,280.1916474,247.8786301,1413.205058
12/31/1992,297.3915826,261.6459478,414.0932772,202.9310276,282.2930847,249.7872955,1475.951363
1/31/1993,300.1573243,267.0881836,438.6490085,199.4203208,290.1408325,263.600533,1547.239814
2/28/1993,300.5175131,257.8736412,466.8102749,198.2437409,301.8915362,274.8826358,1595.204248
3/31/1993,307.4294159,258.0283654,472.7387653,197.9661997,304.6689383,279.6930819,1654.864887
4/30/1993,298.0528187,255.8093215,484.6517822,190.8790097,309.2999062,286.4616545,1660.325941
5/31/1993,306.6665452,260.6441176,467.7859002,190.8790097,305.6501673,289.9564867,1665.306919
6/30/1993,307.6172115,260.9308262,479.9483336,189.0274833,308.9817541,294.8567513,1741.411445
7/31/1993,306.571313,263.2792036,493.8188405,185.5493777,315.2540837,297.7463475,1798.007317
8/31/1993,317.9451087,263.6477945,494.4114231,182.5991425,315.1279821,301.1406558,1844.395906
9/30/1993,317.5635745,271.5044988,493.3237179,183.0739003,314.8758797,302.4054466,1907.289806
10/31/1993,322.0412209,276.6630842,479.7079833,184.0808068,316.7336474,307.3044148,1856.365168
11/30/1993,315.9546419,273.1771294,476.0142318,188.2226249,313.6930044,311.913981,1768.930369
12/31/1993,321.1678935,276.9742915,477.6326802,190.3495406,312.6891868,313.317594,1809.261981
1/31/1994,330.385412,276.9465941,482.9821663,187.3229829,317.22318,325.0043402,1809.623834
2/28/1994,321.960584,284.3133735,475.3993462,191.4440885,313.9557812,324.4193324,1804.375924
3/31/1994,306.5708681,281.157495,483.1483556,192.497031,317.9430197,326.2360807,1780.377725
4/30/1994,308.65555,278.2053413,491.4585073,194.633748,321.5039815,326.5949404,1787.677273
5/31/1994,310.4457522,271.2223872,494.3089666,195.9183308,323.7545093,332.0164164,1749.242212
6/30/1994,301.0392459,269.8391531,502.9099427,198.1713916,328.7079533,333.5104902,1734.898426
7/31/1994,309.5285526,264.8471287,505.9776933,196.9229118,329.0695321,335.0446385,1738.194733
8/31/1994,321.9406476,268.3960803,493.5306421,198.695218,324.2980239,342.9181875,1765.310571
9/30/1994,314.5038186,275.8574913,484.1042068,199.7085636,327.3139955,348.6449212,1788.789201
10/31/1994,318.7181698,269.512769,476.1164874,200.1479225,325.2846487,350.7019263,1814.368887
11/30/1994,305.8419557,269.7822818,472.4503904,201.0485881,323.8533963,344.9504147,1810.740149
12/31/1994,308.4721965,269.9711294,471.5527347,202.0538311,324.8573418,345.3988502,1874.116054
1/31/1995,314.0246961,261.5750272,483.5301742,202.2356795,322.1610259,343.4300768,1840.007142
2/28/1995,325.4237926,260.1886796,488.9940651,203.4693172,321.0978945,339.961433,1833.383116
3/31/1995,332.5505736,258.8356985,478.4806927,203.2861948,321.6116511,343.769001,1840.349972
4/30/1995,339.5673907,258.0850749,486.7584087,203.7740816,324.8277676,345.2472077,1873.476272
5/31/1995,349.414845,252.4330118,497.4670937,204.5280457,325.1201126,341.4149637,1865.232976
6/30/1995,358.9189288,260.1069753,484.7319361,203.8531032,317.1871819,335.2012114,1919.324732
7/31/1995,372.270713,265.5172004,476.6369128,204.4238919,311.7632811,332.0167999,1967.883648
8/31/1995,374.3182019,270.2434066,490.8406928,202.0321323,316.8761989,328.4642201,1969.654743
9/30/1995,386.8578617,264.9466358,490.8406928,204.1736729,318.0169532,325.34381,2023.032387
10/31/1995,380.9776222,254.0838238,489.0245822,207.9304685,317.9215481,326.8729259,2106.179018
11/30/1995,396.064336,251.1872682,492.203242,206.807644,321.7048145,329.1283491,2092.488854
12/31/1995,400.1437987,252.9204603,493.5814111,204.0157408,331.3237885,342.0630933,2145.638071
1/31/1996,409.1870485,246.6227409,495.0127972,204.2809613,338.8448385,346.5783261,2157.868208
2/29/1996,414.6292363,250.9879634,489.6666589,204.7712356,332.7456314,342.0034922,2170.168057
3/31/1996,417.6560297,255.104166,491.8701589,207.7608956,329.5179988,341.2510845,2129.368898
4/30/1996,426.2597439,267.0940618,471.5559213,207.4700304,322.2686028,338.6575763,2109.991641
5/31/1996,436.3194739,275.4808153,467.3590736,207.7812354,321.5596119,342.890796,2142.696511
6/30/1996,431.3454319,265.6186021,478.2485401,214.7211287,325.0646116,342.4450379,2164.337746
7/31/1996,405.5941096,255.4985334,503.0218144,221.055402,333.4837851,342.5135269,2161.956974
8/31/1996,416.8290664,262.0903955,499.0479421,220.1490748,325.4134775,337.2388186,2160.875996
9/30/1996,437.7122026,258.4997571,485.0745997,222.8789233,318.3194637,330.0556318,2219.219648
10/31/1996,441.4765276,248.5733665,508.6977327,226.266683,327.7735517,330.2866707,2305.991136
11/30/1996,469.0688106,239.0778639,516.0738499,230.90515,325.3808048,322.2607046,2254.567534
12/31/1996,461.0946408,246.6566321,522.4215582,231.8518611,330.326593,320.4238186,2268.320396
1/31/1997,484.0571539,242.0934844,514.5329927,234.703639,329.4016786,315.3290799,2312.552643
2/28/1997,481.6852738,235.6780071,544.1186398,236.2761534,340.6342758,318.0093771,2265.145314
3/31/1997,457.5046731,234.5467527,562.7819091,237.3630237,346.2888048,324.5921712,2286.890709
4/30/1997,475.9878619,221.1541331,562.8944655,245.3384213,343.1722055,311.4461882,2399.405732
5/31/1997,508.0694438,231.6147236,539.9283713,242.8114355,333.1858944,304.5943721,2275.596396
6/30/1997,528.900291,234.3246159,548.2432682,244.2925853,335.0184168,305.1121825,2335.217022
7/31/1997,567.6686823,227.833824,549.9976467,244.5124486,326.4419453,301.54237,2424.18879
8/31/1997,544.110432,245.2631115,556.3776194,242.0428729,326.3766569,311.0711089,2362.371976
9/30/1997,573.2203401,251.370163,557.8798389,238.1943912,323.341354,309.9201458,2396.62637
10/31/1997,551.4379672,250.0379011,570.7668632,240.7430712,329.3878373,311.1288344,2387.51919
11/30/1997,567.8708186,237.2859682,577.8443723,247.5561001,334.8556754,314.2712356,2394.442995
12/31/1997,575.3667134,232.1843199,601.5359916,249.4375265,341.2849044,314.5540797,2489.023494
1/31/1998,576.2297635,229.1659237,591.6708013,251.6076329,338.3839827,311.3770835,2491.761419
2/28/1998,616.7963388,229.4409228,588.1799436,250.8276493,330.2289287,307.6716962,2463.106163
3/31/1998,646.1558445,227.9495568,596.7673708,250.0751663,328.6768528,314.717378,2516.062946
4/30/1998,650.8727822,227.835582,602.4963375,245.9989411,327.920896,311.7905064,2535.688237
5/31/1998,630.8909878,221.1144324,622.6799648,248.58193,336.2500868,316.4985431,2583.359175
6/30/1998,650.9533212,212.866864,611.0358495,247.8610424,326.3979592,314.2514034,2770.911052
7/31/1998,634.9398695,201.7126404,601.1370687,252.3968995,327.86675,315.5398342,2872.880578
8/31/1998,532.8415385,191.3042681,623.2589129,261.1045925,347.0141682,329.7391267,2926.890733
9/30/1998,565.6112931,189.7929644,602.1304357,256.6919249,336.9160559,330.398605,2906.109809
10/31/1998,605.9393783,183.2640864,588.2814357,258.6684527,337.8931125,316.5549034,2750.342323
11/30/1998,642.9016804,184.5652614,569.3976016,255.8748334,334.0073417,315.4469613,2782.246294
12/31/1998,682.5044239,181.6675868,545.8245409,254.1860595,322.8848972,312.3240363,3032.370236
1/31/1999,706.3920787,180.523081,518.8062261,247.4247104,300.7349933,315.7596007,3124.554291
2/28/1999,677.5712819,171.0997762,528.6116638,244.3566439,313.0350545,316.7700315,3119.555004
3/31/1999,700.9474911,163.9649155,513.9162596,234.8267348,308.6525637,314.1091632,3079.312745
4/30/1999,731.2985175,171.6384736,526.1474665,229.5196506,311.4921673,330.1915524,2800.32701
5/31/1999,713.308574,177.9204417,538.7750057,231.264,321.9583042,341.5171226,2652.469744
6/30/1999,747.3333929,181.9236517,519.3791055,233.8310304,311.0761135,343.0197979,2781.910267
7/31/1999,721.2514575,186.471743,517.4054649,234.88327,320.7505806,349.4342682,2823.917112
8/31/1999,711.2981874,183.0779572,508.7647937,234.4135035,321.7449074,343.8433199,2906.375492
9/30/1999,691.452968,187.7830607,490.75452,232.6085195,318.3022369,344.3590848,3094.127349
10/31/1999,733.7698896,174.5819116,474.5596208,228.2354793,314.3234589,335.0958255,3263.376115
11/30/1999,758.4979349,184.6902042,445.516572,219.0832366,309.3571483,352.554318,3446.777853
12/31/1999,817.0539755,194.6634753,408.1377316,202.5862689,292.9921551,372.1210826,3901.407851
1/31/2000,778.325617,203.1313365,402.1789207,190.2892824,306.8506841,378.7448379,3973.974037
2/29/2000,797.3945947,239.7965427,365.7817284,155.123823,305.2857456,407.4915711,4703.595671
3/31/2000,838.8591136,204.1627764,393.1787799,173.0095998,302.0802453,386.2612602,4403.035907
4/30/2000,785.1721303,193.3829818,423.3749102,186.2621351,317.9998742,387.9994359,4025.69573
5/31/2000,750.4675222,185.5316328,444.1626183,194.3831642,320.3530733,381.2094458,3660.162558
6/30/2000,785.2892152,203.7508391,407.7856998,178.7353195,310.5182339,390.3203515,4267.383526
7/31/2000,765.5784559,201.6929556,441.9581415,189.9598976,319.8027291,377.556876,4262.689404
8/31/2000,819.3986213,199.7567033,435.5055526,183.9381688,321.7535257,381.2946891,4505.6627
9/30/2000,774.7413965,199.7966546,467.2974579,189.0332561,342.4422775,371.4572861,4604.78728
10/31/2000,753.3585339,194.1424093,493.8866833,206.8779954,358.4343318,367.5941304,4391.585629
11/30/2000,672.5984991,192.8222409,555.869462,234.5582712,388.9370934,368.7336722,4286.187574
12/31/2000,680.6024212,198.9154237,597.9487803,240.0703906,411.0287204,379.1319617,4573.362141
1/31/2001,701.905277,210.4127352,566.3770847,227.3226529,384.1063392,368.9712251,3427.734925
2/28/2001,631.3637967,215.9465901,637.7405974,247.986282,420.8269052,409.5580599,3856.544564
3/31/2001,585.526785,220.8485777,679.3212843,256.0954334,437.4074853,425.162222,4178.566035
4/30/2001,632.0176118,219.3688923,647.1214555,247.3369696,420.1298896,408.7934764,3845.534322
5/31/2001,636.5681386,227.1564879,668.9941607,247.7574425,429.2887212,424.5729046,3927.059649
6/30/2001,624.2187167,242.2169631,660.9662307,251.0278407,421.6044531,432.7671617,3940.411652
7/31/2001,610.922858,235.1926712,697.9803397,269.6541065,434.2947471,444.7115354,4155.95217
8/31/2001,571.4572414,241.5428733,715.5694442,280.2784783,462.5239057,470.8161025,4386.19192
9/30/2001,518.5974466,227.6058495,727.8772387,293.9840959,477.6946898,470.2511232,4892.358467
10/31/2001,531.3549437,239.8965654,670.0837859,285.2233698,455.5296562,462.9152056,4480.91112
11/30/2001,571.4191065,239.152886,682.8823862,274.1567031,447.9678639,464.2576597,4096.448946
12/31/2001,580.6189541,251.4692596,691.0769749,274.8146792,446.6687571,469.7359001,4095.629656
1/31/2002,572.2580412,254.5120377,715.1264536,287.6210432,459.3541498,486.4115246,4246.348828
2/28/2002,559.153332,253.4939895,732.7185643,310.7457751,482.8730822,506.2084736,4533.826643
3/31/2002,582.8614333,264.2167853,739.8259344,305.307724,485.818608,516.7882307,4458.111738
4/30/2002,552.5526388,281.7607798,770.5287107,318.9244485,512.1013947,548.5190281,4812.531622
5/31/2002,544.9274124,273.0825478,783.1653815,325.8132166,524.4942485,561.2446695,4955.463811
6/30/2002,505.6381459,283.4869929,783.4003312,338.1615375,537.6590541,573.7043012,5260.224835
7/31/2002,464.2769456,265.7123584,755.9029795,350.7411467,533.7879089,556.1489496,5435.916345
8/31/2002,466.5983303,261.9658142,780.0918749,355.125411,525.1405448,552.6452112,5531.588472
9/30/2002,418.3054031,269.8771818,793.1974184,366.4539116,513.1673404,549.550398,6034.409864
10/31/2002,451.1005467,258.2184875,760.3590453,354.1777056,517.8371632,547.5720166,5713.982701
11/30/2002,477.9861393,266.0166858,748.7255519,322.5496365,544.2468585,569.9129549,4788.888901
12/31/2002,450.4541377,267.3733709,766.54522,342.483204,535.5389088,582.5080312,5250.537791
1/31/2003,438.8774664,269.3519339,760.7961308,339.2638619,539.7696662,584.8963141,5334.546396
2/28/2003,430.62657,266.8200257,751.0579404,342.2154575,536.800933,573.958753,5401.228226
3/31/2003,435.3203996,268.3675819,735.2857236,348.6833296,532.9896464,558.9784296,5487.647878
4/30/2003,471.1037365,271.2122782,741.756238,332.6787648,538.9058314,553.6681345,4966.870094
5/31/2003,499.6055125,283.8778916,741.8304136,309.1583761,555.8274746,573.2679864,4427.964689
6/30/2003,506.6999108,288.7038158,744.6493692,310.6423364,553.8264956,581.5803722,4379.699874
7/31/2003,518.6073587,302.2728951,736.7560859,297.5332298,564.1830511,583.4995875,4366.122804
8/31/2003,530.7427709,310.0413085,748.396832,290.7197188,576.5950782,581.6907388,4342.109129
9/30/2003,524.1615605,311.4674985,748.9955495,293.8304198,578.382523,588.4383513,4333.859121
10/31/2003,556.0305834,319.752534,762.7021681,289.804943,587.3474521,600.1482745,4495.512067
11/30/2003,563.5369963,326.8830155,776.5070773,290.21067,597.1561545,611.4910769,4568.788913
12/31/2003,587.7127334,318.4494337,789.0088412,291.6327022,602.9485692,624.4546877,4308.824824
1/31/2004,600.3485572,326.1877549,808.6551614,280.9297821,623.4488206,636.5066632,4420.423387
2/29/2004,608.753437,323.0889713,815.6095958,286.9978654,615.0946064,617.7297166,4373.124857
3/31/2004,600.7178916,329.9707664,817.6486198,291.8768291,608.6976225,607.2900844,4382.745732
4/30/2004,589.7247542,323.2063657,792.7921017,302.0341427,591.6540891,593.3831415,4147.392286
5/31/2004,596.6245338,321.8165783,790.651563,298.4399364,591.1807658,599.138958,4213.335823
6/30/2004,607.7217502,330.0872643,800.2975121,301.9615277,588.7569246,609.5040619,4301.394542
7/31/2004,583.0482471,320.0526115,827.1875085,317.2709771,579.2190625,594.5712124,4203.322746
8/31/2004,583.5146857,316.0199486,835.5421024,320.8878663,570.8203861,577.6259329,4136.910247
9/30/2004,592.8509207,326.3854029,835.1243313,316.6521464,560.0318808,570.2323209,4354.098035
10/31/2004,601.3286888,327.0381737,832.4519334,315.70219,562.2720083,575.7635744,4287.915745
11/30/2004,628.6290113,340.414035,844.6889769,313.6185555,560.9787827,569.1422933,4426.415423
12/31/2004,650.1909864,340.1757452,843.5908812,309.9492184,563.8397745,574.0369171,4301.147867
1/31/2005,632.2457152,336.0936363,861.2219306,318.4108321,556.0587856,557.3898465,4438.354484
2/28/2005,644.1951592,335.1189647,875.0014815,323.0914713,555.8363621,549.1404767,4579.494156
3/31/2005,631.5045146,330.5613468,893.7265132,324.9007836,562.0617293,545.1866653,4604.681374
4/30/2005,615.0222467,317.2727807,893.9052585,327.56497,557.0031738,537.0088653,4565.541583
5/31/2005,637.4705587,325.870873,888.4524364,323.9945118,558.5627826,539.4791061,4585.173411
6/30/2005,641.1041409,336.4616764,913.6844856,327.5584515,555.6582562,531.2790237,4679.627984
7/31/2005,666.2354232,345.8826033,905.9181675,323.5949942,550.2128053,536.2199186,4678.224095
8/31/2005,658.1073511,342.8734247,917.1515528,316.7994993,552.6337416,537.9894443,4784.419782
9/30/2005,661.3320771,341.7762297,924.1219046,317.8766176,549.4837293,537.6128517,4949.482265
10/31/2005,647.9731691,336.8888296,927.4487434,315.1428787,542.6151827,532.2367232,4885.138995
11/30/2005,671.3650005,339.6176291,916.2266136,312.7162785,536.2123235,533.567315,4898.32887
12/31/2005,669.686588,338.7685851,918.5171802,313.2478962,537.3919906,529.0319928,4935.55617
1/31/2006,690.0450603,358.4510399,926.7838348,311.3684088,534.4900739,535.1158608,5067.829075
2/28/2006,687.9749251,356.8380102,923.9108049,309.5624721,545.3402224,541.804809,4974.58102
3/31/2006,698.0193591,369.0061863,929.0847054,309.4696033,542.5044532,544.4596526,5037.260741
4/30/2006,703.1149004,366.0541368,951.2898299,315.0400562,541.4194443,541.9551382,5067.988032
5/31/2006,678.0136984,355.0725127,974.7866887,318.4109848,548.512039,541.0338145,4883.006468
6/30/2006,675.6406505,354.255846,983.8522049,322.7413742,547.9086758,535.1365459,4954.786664
7/31/2006,670.3706534,341.3609332,1009.530747,328.1311551,553.0042265,542.4679166,4844.7904
8/31/2006,683.9791777,342.9994656,989.6429917,322.2576074,564.8938173,558.3079797,4677.160652
9/30/2006,696.5643945,338.1974731,990.3357418,325.1901517,567.8877546,568.0225386,4632.727626
10/31/2006,719.0634245,344.7246844,987.6618353,324.8974805,569.3642627,565.3528326,4621.609079
11/30/2006,731.359409,347.4824818,988.2544324,325.5147857,564.3538572,554.441523,4574.930828
12/31/2006,737.7222359,344.702622,1014.937302,323.5291456,575.9231113,565.0868002,4613.360247
1/31/2007,748.0503472,345.1507354,1008.035728,325.2762029,577.3053268,561.5267534,4621.664295
2/28/2007,733.3885604,349.9483306,1006.523675,323.81246,573.0332673,557.8206768,4558.809661
3/31/2007,738.3756026,350.5082479,998.3708331,325.5934286,569.6523711,550.9594825,4672.779902
4/30/2007,764.1449111,343.3228289,984.3936414,329.0121596,575.40586,552.6674569,4665.770732
5/31/2007,788.9032063,344.7304525,978.1919615,334.1776505,567.9831244,539.0165707,4653.173151
6/30/2007,773.4407034,347.3159308,967.4318499,336.0824631,568.3807126,537.5612259,4671.320527
7/31/2007,744.5913652,337.2437689,932.6043033,336.7210197,562.4695532,526.648733,4802.584633
8/31/2007,751.4416057,335.8947938,914.1387381,332.2426302,559.3197237,525.3321112,4807.387218
9/30/2007,775.6380254,327.7997292,893.6620303,330.44852,541.5892884,510.8329449,5027.084814
10/31/2007,789.5995099,327.7013893,868.9969583,329.6223987,541.0476992,503.2726174,5272.406553
11/30/2007,751.4618536,318.1325088,859.5248915,335.2919039,539.208137,505.5876714,5319.858212
12/31/2007,744.9241355,318.5778943,854.6255996,338.0748267,533.3307683,494.3636251,5667.776939
1/31/2008,697.5469604,317.0805782,886.6740596,345.7829328,545.0640452,502.9161158,5221.156116
2/29/2008,675.9927594,315.368343,880.3786737,349.4482319,539.2863663,492.3548774,5540.168755
3/31/2008,669.7060267,317.4497741,881.1710145,352.7679901,541.8210122,506.8301108,5767.315674
4/30/2008,700.5125039,314.0530615,872.5355386,359.7880731,528.0587585,483.8200237,5748.283532
5/31/2008,713.5420365,323.9143277,860.6690553,363.529869,528.269982,462.3384147,5932.803433
6/30/2008,653.3190886,327.6717339,837.7752584,381.4882446,526.0512481,447.9134562,6676.776984
7/31/2008,648.2885316,339.5662178,883.2664549,376.9103856,531.6273913,481.5069654,6334.258325
8/31/2008,658.2073462,351.0775126,896.8687583,383.9963009,535.9335732,486.803542,6078.987714
9/30/2008,597.3889874,352.0254219,953.1024295,392.8666154,545.4731908,515.2815492,6100.87207
10/31/2008,494.4588649,340.3733804,931.2763839,404.4168939,555.9462761,528.9880384,6576.130004
11/30/2008,455.5943981,327.0988186,875.0272903,422.6156542,571.0680148,515.3930458,7047.638525
12/31/2008,463.5217406,338.1220488,875.7273121,422.8692236,563.0159558,516.784607,6690.323252
1/31/2009,425.8837753,331.731542,778.8718714,424.7298481,556.4849707,479.8345076,6568.559369
2/28/2009,382.869514,327.6844172,726.2201329,430.3362821,550.3079875,484.9207534,6833.272312
3/31/2009,417.1363355,329.8799028,750.1127753,419.7930432,538.0911502,504.3660756,6039.929396
4/30/2009,459.6008144,352.7735681,786.5682561,425.5861872,538.8444778,502.4494845,3962.797677
5/31/2009,483.5460168,344.165893,789.4785587,420.479153,527.2054371,493.9078433,3468.636807
6/30/2009,485.6252647,351.9440422,769.1100119,414.6765407,526.2564673,500.5262084,3652.474557
7/31/2009,523.1155352,360.3555048,807.2578685,412.9763668,543.1492999,525.1520979,3456.336674
8/31/2009,540.5352825,359.9591137,868.5287407,401.3717309,560.6930223,553.7728872,3151.487779
9/30/2009,562.589122,369.7500016,876.0849407,407.6732671,562.8236558,544.3033708,2995.489134
10/31/2009,548.0180637,352.0389766,840.6911091,423.8986631,553.3682183,518.666682,3075.169145
11/30/2009,578.4878681,342.2874969,838.2531049,428.0952599,554.2536075,526.2392156,3085.317203
12/31/2009,594.3962845,363.748923,837.3310265,431.605641,553.8102046,529.975514,3175.099934
1/31/2010,574.4245693,364.9856693,839.7592865,426.5126945,556.1915885,538.6141149,3004.914577
2/28/2010,593.9550047,370.3874572,866.4636318,424.8066437,564.1451282,552.7258047,3113.992976
3/31/2010,631.4335655,377.0544314,885.1792462,421.9604392,573.6791809,576.3824692,3229.522116
4/30/2010,644.0622368,395.8694476,911.1149981,425.6736911,583.374359,603.9335512,3333.189776
5/31/2010,593.2457263,396.2257301,889.2482382,430.9520448,582.2659477,586.2382981,3327.523353
6/30/2010,560.2019393,386.4785771,849.0542178,429.6160935,573.5319585,555.2262922,3228.030405
7/31/2010,599.0239337,386.8264078,846.2523389,430.8619802,585.1746573,558.7242178,3289.362983
8/31/2010,570.4504921,374.641376,830.0889192,432.9732039,575.4022405,537.3250803,3283.442129
9/30/2010,624.871469,388.5780352,802.9450116,431.5876896,578.2217115,547.5342568,3327.768598
10/31/2010,649.116482,391.2980814,782.7910918,436.5941068,577.2965567,535.1599826,3383.009557
11/30/2010,653.0111809,405.6195912,774.8066226,438.0785268,586.5333017,530.7181547,3468.937999
12/31/2010,697.5465435,409.6352252,803.2420257,423.0962411,605.1850606,556.2987698,3358.625771
1/31/2011,711.4277197,399.6810892,809.2663409,420.3884252,609.7239486,561.9173874,3348.885756
2/28/2011,736.2565471,406.1958909,820.2723631,412.1488121,615.5163261,569.5594638,3418.54258
3/31/2011,739.6433272,417.0007016,806.1636785,418.6607633,615.4547745,559.0795697,3538.875279
4/30/2011,761.0929837,414.6237976,786.4126683,422.344978,610.5926818,547.059359,3540.998604
5/31/2011,751.4271028,412.1360548,769.4261547,431.1297536,600.8842581,532.9999334,3520.814912
6/30/2011,738.2771285,412.7542589,765.7329092,441.3906417,591.9911711,522.7663347,3583.133336
7/31/2011,720.927616,407.3059027,759.377326,453.0433546,582.0457194,510.2722193,3582.775022
8/31/2011,677.7440518,394.353575,741.0003947,468.492133,580.881628,477.7678789,3570.593587
9/30/2011,626.3032783,379.8019281,728.9220883,478.4241663,582.4500084,453.6406011,3480.614629
10/31/2011,697.3887003,393.0190352,729.869687,466.8941438,577.4991833,468.6561049,3430.493778
11/30/2011,695.436012,392.0757895,727.461117,475.4383067,586.1039211,452.3468725,3568.056579
12/31/2011,700.5822385,390.5859015,740.0461944,480.2402336,599.9359737,460.7605243,3638.704099
1/31/2012,735.9616415,398.7882054,732.719737,470.3953088,591.4768765,467.6258561,3349.790994
2/29/2012,768.4911461,392.0486848,735.0644402,468.6078066,591.1219903,475.3416828,3340.411579
3/31/2012,792.3912207,390.0492365,743.811707,465.9367421,595.9100785,487.8907032,3390.851794
4/30/2012,785.6558953,388.0599854,737.8612134,471.8075451,599.902676,479.1574596,3520.721417
5/31/2012,737.0237954,387.9435674,732.1058959,483.6027337,614.3603305,470.4847096,3754.145247
6/30/2012,765.6940211,391.5902369,736.7181631,477.5093392,616.3262835,478.2006588,3725.613744
7/31/2012,771.7430038,381.0956186,736.2024603,481.9501761,616.9426098,468.6366456,3841.10777
8/31/2012,791.4224504,382.7343297,745.1105101,475.1064836,612.500623,477.5876056,3746.232408
9/30/2012,813.0282833,385.2221029,756.5107009,468.835078,622.300633,486.2319412,3706.522344
10/31/2012,798.7189855,382.0632816,784.3502947,461.8025518,636.4268574,490.8511447,3709.487562
11/30/2012,804.9489936,383.2476778,776.9774019,463.6035818,642.2819844,487.2188462,3724.325512
12/31/2012,814.4473917,390.4527341,804.3270065,455.3050777,647.9982941,504.8561684,3614.45791
1/31/2013,859.8121115,392.6002242,811.6463823,447.4738304,657.4590692,522.1222494,3545.783209
2/28/2013,870.9036877,391.1868634,812.2145347,444.5652505,660.5491268,521.339066,3592.232969
3/31/2013,906.0011063,394.5119517,810.5901056,447.0103593,669.2683753,528.7942147,3662.640736
4/30/2013,920.0441235,385.477628,815.0483512,447.5914728,672.4808635,527.6837468,3672.529866
5/31/2013,945.8053589,393.1486328,836.6471325,438.5948842,667.5045051,543.4614908,3608.627846
6/30/2013,934.4556946,398.4561393,836.4798031,437.0598021,667.3710042,539.0594528,3629.557887
7/31/2013,987.2524413,405.6681955,841.331386,431.2469067,671.0415447,547.3609683,3694.164018
8/31/2013,960.4979002,405.546495,818.867838,433.7912635,656.4128391,540.3000119,3694.902851
9/30/2013,996.708671,416.2934771,809.1233107,431.1885159,648.1420373,539.9758318,3804.271975
10/31/2013,1038.371093,410.0907043,818.8327904,443.1755566,653.5864304,541.1637787,3810.739237
11/30/2013,1070.872109,415.5449107,821.3711721,443.7516849,654.0439409,543.0037355,3827.50649
12/31/2013,1100.963615,413.1347502,820.9604865,441.6660519,654.6325804,537.4650974,3830.185745
1/31/2014,1064.411623,415.5309317,804.3770847,424.3085761,645.7295774,543.0009879,3896.830977
2/28/2014,1113.906763,415.9880158,801.4008894,423.2902355,643.0820861,535.0188734,3976.716012
3/31/2014,1118.696562,411.2873512,840.7496731,432.4756336,654.8504883,550.4809188,3842.30301
4/30/2014,1116.571039,394.3011836,850.0819945,447.7420235,661.5299632,551.5818807,3697.448187
5/31/2014,1139.572402,386.770031,849.0618961,447.8763461,654.5838986,548.162073,3742.18731
6/30/2014,1169.315242,398.7212249,843.2882752,439.3219079,641.8195126,550.4643537,3769.879496
7/31/2014,1145.461211,381.6958286,843.1196175,443.3636695,644.8360643,552.3359325,3760.831785
8/31/2014,1194.028767,382.8409161,838.2295238,440.6591511,640.3222119,544.8793974,3790.542356
9/30/2014,1170.5064,368.4843818,827.248717,446.1233245,636.9285041,538.5587964,3807.220743
10/31/2014,1200.003161,382.4867883,812.1927904,443.9819326,635.71834,520.1400856,3805.697854
11/30/2014,1230.603242,373.7278408,788.8828573,450.5972634,636.9897767,511.4017322,3846.038252
12/31/2014,1229.86488,384.4164571,806.0805036,445.3703351,642.5952867,513.5496194,3887.960069
1/31/2015,1191.616082,381.0335922,777.8676859,452.8525568,631.9924645,495.7808026,4036.091347
2/28/2015,1264.781309,381.9099695,763.1659867,447.5994671,620.7429986,486.2618112,3921.869962
3/31/2015,1250.615759,393.5200326,759.8843729,448.0470666,617.5772093,474.1538921,4039.526061
4/30/2015,1257.994392,381.5176716,773.8662454,447.8678477,614.7981119,480.6498004,3743.832753
5/31/2015,1275.103115,384.6079647,764.6572371,439.7166529,610.2486058,476.3239522,3969.585868
6/30/2015,1255.594038,395.6077525,758.8458421,441.5634628,601.0948767,471.9417718,4091.452154
7/31/2015,1274.930186,377.7658429,727.0502013,442.0050263,586.0675048,464.7210627,4512.462581
8/31/2015,1197.924403,379.2391297,746.1716216,445.054861,593.3347419,470.5765481,4418.152113
9/30/2015,1161.148124,368.7342058,749.9770968,453.3328814,590.6647356,470.5294905,4654.523251
10/31/2015,1251.137103,360.6958001,748.4021449,457.2768775,593.086461,466.0594603,4466.945964
11/30/2015,1258.143471,372.8512486,744.4356136,445.2047679,586.6811272,465.1739473,4565.66547
12/31/2015,1230.841758,361.6657111,725.6758361,447.2081894,586.9157996,452.4281812,4721.354663
1/31/2016,1159.822188,349.3329104,740.0442177,459.7747395,604.8167315,447.4514712,4784.620815
2/29/2016,1158.89433,352.7563729,735.8999701,475.1312158,617.6388462,448.4358644,4590.36521
3/31/2016,1239.553376,356.5661417,743.7005097,478.7897261,617.1447352,467.8979809,4354.879475
4/30/2016,1250.957267,360.7379656,768.2426266,464.9527031,629.5493443,492.0415168,4082.26402
5/31/2016,1273.224306,358.176726,755.0288534,459.4197659,613.6847009,481.0689909,4169.62447
6/30/2016,1272.587694,359.9676096,744.0054321,465.8975846,625.8356579,488.1407051,4340.996035
7/31/2016,1322.854908,369.3627642,734.8541653,471.2088171,618.0752958,486.2857704,4207.293357
8/31/2016,1329.469183,375.5311224,758.6634403,462.6799375,615.9120322,489.0575993,4073.922158
9/30/2016,1332.792856,382.2155764,749.559479,452.8248548,615.542485,497.7628246,4052.330371
10/31/2016,1305.87044,366.6211809,779.8416819,456.945561,616.8351242,492.4367624,4080.29145
11/30/2016,1369.335743,391.5514212,843.398779,456.6256991,640.1514919,504.206001,3914.223588
12/31/2016,1394.12072,393.156782,872.8333964,461.8312321,638.2950526,491.5000098,3899.349538
1/31/2017,1421.166662,387.8884811,848.6559113,459.5220759,632.2950791,484.1275096,3861.135913
2/28/2017,1471.902312,379.4325122,833.5498361,460.7627855,621.2931447,467.4251105,3798.199398
3/31/2017,1474.404546,382.4679723,806.4594664,464.4488878,614.831696,462.0029792,3763.255963
4/30/2017,1490.475555,384.3038186,789.9270474,473.552086,605.1173552,444.6316672,3779.814289
5/31/2017,1506.274596,372.3904002,760.7787393,478.3823173,593.4385903,432.582149,3834.999578
6/30/2017,1518.023538,381.5512041,771.6578753,467.7143916,593.141871,429.0782336,3822.727579
7/31/2017,1546.410578,375.2556092,769.1114043,464.1129908,591.8962731,431.1378092,3886.184857
8/31/2017,1548.884835,368.5010082,751.421842,464.762749,577.5723832,422.3857116,4024.14442
9/30/2017,1587.761845,386.1522065,774.7910613,458.349023,587.0445703,426.2716602,3976.659515
10/31/2017,1623.486486,378.5836233,775.333415,462.6116689,567.3785772,417.6609726,4147.655875
11/30/2017,1674.139265,377.3342973,774.868215,477.877854,567.6622665,421.0857926,4118.207518
12/31/2017,1691.885141,373.4477541,776.9603592,481.3185746,577.1422264,430.3075715,4051.080735
1/31/2018,1786.292332,361.4974259,767.3260507,477.3717623,572.1788032,422.6050659,4210.693316
2/28/2018,1721.092662,362.8349664,759.499325,480.1405185,559.4192159,407.6448466,4377.857841
3/31/2018,1680.646984,375.8970252,758.4360259,477.9798861,559.4192159,415.6754501,4321.821261
4/30/2018,1685.52086,379.5056366,761.9248316,466.8429548,566.0203627,427.7300381,4333.490178
5/31/2018,1730.187163,397.4942038,737.9241994,457.4594114,557.8696694,426.575167,4498.162805
6/30/2018,1738.492061,401.0319022,721.1733201,461.2563245,559.7664263,430.9688913,4391.10653
7/31/2018,1793.949958,393.2117801,725.3561254,468.3135463,562.005492,423.297645,4317.775051
8/31/2018,1855.661837,395.6496932,697.2848433,467.611076,548.1239564,411.7839491,4543.162909
9/30/2018,1856.775234,385.8771457,685.431001,470.3699813,555.0303182,419.5254873,4540.437011
10/31/2018,1714.174896,368.3197356,710.0379739,474.6503481,574.1788642,411.4705979,4456.89297
11/30/2018,1743.144452,365.4100097,711.4580499,471.6600509,576.0736544,394.1888328,4397.616293
12/31/2018,1576.674156,354.4111684,698.0826385,471.2355569,576.9377649,381.298858,4478.972195
1/31/2019,1709.272453,365.2915913,694.1733758,468.1725258,569.0914113,391.5557973,4091.5411
2/28/2019,1767.387716,371.8303108,675.2918599,468.5938811,560.7257676,388.8932179,4126.728353
3/31/2019,1786.828981,358.5931517,646.9296018,472.6237884,554.9502922,386.0542974,4215.04034
4/30/2019,1857.587409,354.3976118,659.8681939,480.3748186,542.8523758,373.8549816,4107.556812
5/31/2019,1728.670843,349.0107681,645.6810277,477.7807945,552.5151481,357.1062784,4419.731129
6/30/2019,1848.467732,350.1625037,640.3864433,482.5108244,550.4155905,356.9991465,4325.148883
7/31/2019,1870.464498,343.5094161,642.3076026,481.7388071,552.2870035,345.4323742,4442.792933
8/31/2019,1822.206514,332.2079563,610.6418378,483.7621101,547.3716492,328.0571257,4782.222313
9/30/2019,1848.264067,333.071697,652.0433544,493.3889761,566.5296569,337.505171,4454.640084
10/31/2019,1886.338307,333.7711476,638.4156483,494.6224485,560.9210133,325.4562364,4467.558541
11/30/2019,1959.3396,335.4400033,626.4772757,486.8074138,553.9655928,325.1958714,4351.402018
12/31/2019,2013.613307,338.6602273,638.5682871,487.2455405,561.1117489,329.0006631,4252.625193
1/31/2020,2011.398332,323.7253113,598.338485,480.6190011,547.981734,312.6493301,4483.542741
2/29/2020,1847.871647,323.5958212,574.644281,472.8810352,534.3369888,307.8345304,4473.230592
3/31/2020,1600.626421,296.4137722,493.5619729,466.3552769,540.8024664,281.4223277,4855.691808
4/30/2020,1819.111928,304.6837164,486.8988863,478.0607944,535.232201,290.7936912,4589.114328
5/31/2020,1920.618373,310.5336438,462.7973914,481.455026,517.6765848,283.7855633,4619.861394
6/30/2020,1967.865585,316.5579965,452.5232893,481.5994625,519.4366852,288.922082,4585.212433
7/31/2020,2081.411429,306.9662892,446.5952343,484.2482596,524.942714,288.6909443,4934.147099
8/31/2020,2240.223121,304.0808061,433.4206748,504.9256603,517.3835389,294.2626795,4959.31125
9/30/2020,2158.903022,304.2936626,422.3251056,499.1190152,508.2258503,285.9938982,5110.570243
10/31/2020,2113.566059,318.778041,438.7113197,496.1243011,505.5322533,284.1063385,4955.719964
11/30/2020,2377.127746,340.2955587,448.3190976,482.3320455,510.840342,302.2607335,4348.644269